name,rating-beranger,rating-bryvan,rating-paf,popularity,poster,overview,release_date,original_title
The Odyssey,,2.5,3.5,794.065,/5rhTDKUhPYvpdQIijFIs5VoWsON.jpg,"Odysseus, the legendary King of Ithaca, embarks on a long and perilous journey home following the Trojan War. Throughout his voyage, he is forced to confront the whims of gods, mythological monsters, and trials that stretch both his cunning and his humanity to the breaking point.",2026-07-15,The Odyssey
Spider-Man: No Way Home,,1.5,3.5,594.9227,/1g0dhYtq4irTY1GPXvft6k4YLjm.jpg,"Peter Parker is unmasked and no longer able to separate his normal life from the high-stakes of being a super-hero. When he asks for help from Doctor Strange the stakes become even more dangerous, forcing him to discover what it truly means to be Spider-Man.",2021-12-15,Spider-Man: No Way Home
Toy Story 5,,3,4.5,247.1766,/sfQtVlIHljToOwYjhe21KPGzZWK.jpg,"When Bonnie receives a Lilypad tablet as a gift and becomes obsessed, Buzz, Woody, Jessie and the rest of the gang's jobs become exponentially harder when they have to go head to head with the all-new threat to playtime.",2026-06-17,Toy Story 5
Obsession,,3.5,3.5,241.4485,/bRwnj8WEKBCvmfeUNOukJPwB43K.jpg,"After breaking the mysterious ""One Wish Willow"" to win his crush's heart, a hopeless romantic finds himself getting exactly what he asked for but soon discovers that some desires come at a dark, sinister price.",2026-05-13,Obsession
Moana,,1.5,4.5,192.7779,/zKVgiv5qHCvCLT4A2ymJi5QeXDH.jpg,"Teenage Moana answers the Ocean's call and, for the first time, voyages beyond the reef of her island of Motunui with infamous demigod Maui on an unforgettable journey to restore prosperity to her people.",2026-07-08,Moana
Spider-Man: Homecoming,,3,3.5,188.3712,/c24sv2weTHPsmDa7jEMN0m2P3RT.jpg,"Following the events of Captain America: Civil War, Peter Parker, with the help of his mentor Tony Stark, tries to balance his life as an ordinary high school student in Queens, New York City, with fighting crime as his superhero alter ego Spider-Man as a new threat, the Vulture, emerges.",2017-07-05,Spider-Man: Homecoming
Spider-Man,,2.5,4,141.0627,/or6XJBVpcEbIkma0V9zshnbEtx4.jpg,"After being bitten by a genetically altered spider at Oscorp, nerdy but endearing high school student Peter Parker is endowed with amazing powers to become the superhero known as Spider-Man.",2002-05-01,Spider-Man
Project Hail Mary,,4,4,131.1924,/yihdXomYb5kTeSivtFndMy5iDmf.jpg,"Science teacher Ryland Grace wakes up on a spaceship light years from home with no recollection of who he is or how he got there. As his memory returns, he begins to uncover his mission: solve the riddle of the mysterious substance causing the sun to die out. He must call on his scientific knowledge and unorthodox ideas to save everything on Earth from extinction.",2026-03-15,Project Hail Mary
Spider-Man: Far From Home,,2.5,2.5,96.9857,/4q2NNj4S5dG2RLF9CpXsej7yXl.jpg,"Peter Parker and his friends go on a summer trip to Europe. However, they will hardly be able to rest - Peter will have to agree to help Nick Fury uncover the mystery of creatures that cause natural disasters and destruction throughout the continent.",2019-06-28,Spider-Man: Far From Home
Zootopia 2,,3,2.5,77.3385,/oJ7g2CifqpStmoYQyaLQgEU32qO.jpg,"After cracking the biggest case in Zootopia's history, rookie cops Judy Hopps and Nick Wilde find themselves on the twisting trail of a great mystery when Gary De'Snake arrives and turns the animal metropolis upside down. To crack the case, Judy and Nick must go undercover to unexpected new parts of town, where their growing partnership is tested like never before.",2025-11-26,Zootopia 2
Avatar: Fire and Ash,,3.5,2.5,76.4221,/bRBeSHfGHwkEpImlhxPmOcUsaeg.jpg,"In the wake of the devastating war against the RDA and the loss of their eldest son, Jake Sully and Neytiri face a new threat on Pandora: the Ash People, a violent and power-hungry Na'vi tribe led by the ruthless Varang. Jake's family must fight for their survival and the future of Pandora in a conflict that pushes them to their emotional and physical limits.",2025-12-17,Avatar: Fire and Ash
Spider-Man 3,,2.5,4.5,73.9496,/sJMTTGjtjvrMZ7G0oP9D13wNUum.jpg,"The seemingly invincible Spider-Man goes up against an all-new crop of villains—including the shape-shifting Sandman. While Spider-Man’s superpowers are altered by an alien organism, his alter ego, Peter Parker, deals with nemesis Eddie Brock and also gets caught up in a love triangle.",2007-05-01,Spider-Man 3
Spider-Man: Across the Spider-Verse,,4,4.5,64.2506,/8Vt6mWEReuy4Of61Lnj5Xj704m8.jpg,"After reuniting with Gwen Stacy, Brooklyn’s full-time, friendly neighborhood Spider-Man is catapulted across the Multiverse, where he encounters the Spider Society, a team of Spider-People charged with protecting the Multiverse's very existence. But when the heroes clash on how to handle a new threat, Miles finds himself pitted against the other Spiders and must set out on his own to save those he loves most.",2023-05-31,Spider-Man: Across the Spider-Verse
Spider-Man: Into the Spider-Verse,,4,5,61.0832,/iiZZdoQBEYBv6id8su7ImL0oCbD.jpg,"Struggling to find his place in the world while juggling school and family, Brooklyn teenager Miles Morales is unexpectedly bitten by a radioactive spider and develops unfathomable powers just like the one and only Spider-Man. While wrestling with the implications of his new abilities, Miles discovers a super collider created by the madman Wilson ""Kingpin"" Fisk, causing others from across the Spider-Verse to be inadvertently transported to his dimension.",2018-12-06,Spider-Man: Into the Spider-Verse
The Godfather,,4,4,59.0628,/3bhkrj58Vtu7enYsRolD1fZdja1.jpg,"Spanning the years 1945 to 1955, a chronicle of the fictional Italian-American Corleone crime family. When organized crime family patriarch, Vito Corleone barely survives an attempt on his life, his youngest son, Michael steps in to take care of the would-be killers, launching a campaign of bloody revenge.",1972-03-14,The Godfather
Hoppers,,3,3.5,58.2348,/xjtWQ2CL1mpmMNwuU5HeS4Iuwuu.jpg,"Scientists have discovered how to 'hop' human consciousness into lifelike robotic animals, allowing people to communicate with animals as animals. Animal lover Mabel seizes an opportunity to use the technology, uncovering mysteries within the animal world beyond anything she could have imagined.",2026-03-04,Hoppers
KPop Demon Hunters,,2.5,2,46.4336,/zT7Lhw3BhJbMkRqm9Zlx2YGMsY0.jpg,"When K-pop superstars Rumi, Mira and Zoey aren't selling out stadiums, they're using their secret powers to protect their fans from supernatural threats.",2025-06-20,KPop Demon Hunters
Harry Potter and the Philosopher's Stone,,3.5,3.5,45.6741,/wuMc08IPKEatf9rnMNXvIDxqP4W.jpg,"Harry Potter has lived under the stairs at his aunt and uncle's house his whole life. But on his 11th birthday, he learns he's a powerful wizard—with a place waiting for him at the Hogwarts School of Witchcraft and Wizardry. As he learns to harness his newfound powers with the help of the school's kindly headmaster, Harry uncovers the truth about his parents' deaths—and about the villain who's to blame.",2001-11-16,Harry Potter and the Philosopher's Stone
Oppenheimer,,3.5,4,45.509,/8Gxv8gSFCU0XGDykEGv7zR1n2ua.jpg,The story of J. Robert Oppenheimer's role in the development of the atomic bomb during World War II.,2023-07-19,Oppenheimer
Top Gun: Maverick,,4,3.5,45.0412,/n0YuM4f5lvGAP6MAW2kBIzugXnc.jpg,"After more than thirty years of service as one of the Navy’s top aviators, and dodging the advancement in rank that would ground him, Pete “Maverick” Mitchell finds himself training a detachment of TOP GUN graduates for a specialized mission the likes of which no living pilot has ever seen.",2022-05-21,Top Gun: Maverick
Doctor Strange in the Multiverse of Madness,,3,2,44.0028,/ddJcSKbcp4rKZTmuyWaMhuwcfMz.jpg,"Doctor Strange, with the help of mystical allies both old and new, traverses the mind-bending and dangerous alternate realities of the Multiverse to confront a mysterious new adversary.",2022-05-04,Doctor Strange in the Multiverse of Madness
The Lord of the Rings: The Fellowship of the Ring,,3,4,43.3863,/6oom5QYQ2yQTMJIbnvbkBL9cHo6.jpg,"Young hobbit Frodo Baggins, after inheriting a mysterious ring from his uncle Bilbo, must leave his home in order to keep it from falling into the hands of its evil creator. Along the way, a fellowship is formed to protect the ringbearer and make sure that the ring arrives at its final destination: Mt. Doom, the only place where it can be destroyed.",2001-12-18,The Lord of the Rings: The Fellowship of the Ring
28 Years Later: The Bone Temple,,3.5,4,41.6319,/kK1BGkG3KAvWB0WMV1DfOx9yTMZ.jpg,Dr. Kelson finds himself in a shocking new relationship - with consequences that could change the world as they know it - and Spike's encounter with Jimmy Crystal becomes a nightmare he can't escape.,2026-01-14,28 Years Later: The Bone Temple
Superman,,3.5,3,40.325,/ldyfo0BKmz5rWtJJKCvwaNS4cJT.jpg,"Superman, a journalist in Metropolis, embarks on a journey to reconcile his Kryptonian heritage with his human upbringing as Clark Kent.",2025-07-09,Superman
The Batman,,3.5,3.5,37.9567,/74xTEgt7R36Fpooo50r9T25onhq.jpg,"In his second year of fighting crime, Batman uncovers corruption in Gotham City that connects to his own family while facing a serial killer known as the Riddler.",2022-03-01,The Batman
Sinners,,3,3.5,37.8006,/fWPgbnt2LSqkQ6cdQc0SZN9CpLm.jpg,"Trying to leave their troubled lives behind, twin brothers return to their hometown to start again, only to discover that an even greater evil is waiting to welcome them back.",2025-04-16,Sinners
Harry Potter and the Chamber of Secrets,,3,3.5,37.2199,/sdEOH0992YZ0QSxgXNIGLq1ToUi.jpg,"Cars fly, trees fight back, and a mysterious house-elf comes to warn Harry Potter at the start of his second year at Hogwarts. Adventure and danger await when bloody writing on a wall announces: The Chamber Of Secrets Has Been Opened. To save Hogwarts will require all of Harry, Ron and Hermione's magical abilities and courage.",2002-11-13,Harry Potter and the Chamber of Secrets
Parasite,,4.5,4.5,37.1941,/7IiTTgloJzvGI1TAYymCfbfl3vT.jpg,"All unemployed, Ki-taek's family takes peculiar interest in the wealthy and glamorous Parks for their livelihood until they get entangled in an unexpected incident.",2019-05-30,기생충
Harry Potter and the Goblet of Fire,,3,2.5,36.4884,/fECBtHlr0RB3foNHDiCBXeg9Bv9.jpg,"When his name emerges from the Goblet of Fire, Harry Potter becomes a competitor in a grueling battle for glory among three wizarding schools. Signs of Voldemort's return emerge as Harry's friends help him prepare for the Triwizard Tournament.",2005-11-16,Harry Potter and the Goblet of Fire
Dune,,3,3,35.9356,/v1tRXZ4JtD2Iv6fjkPvT4GiwslV.jpg,"Paul Atreides, a brilliant and gifted young man born into a great destiny beyond his understanding, must travel to the most dangerous planet in the universe to ensure the future of his family and his people. As malevolent forces explode into conflict over the planet's exclusive supply of the most precious resource in existence - a commodity capable of unlocking humanity's greatest potential - only those who can conquer their fear will survive.",2021-09-15,Dune
Avatar,,4.5,3.5,35.7006,/gKY6q7SjCkAU6FqvqWybDYgUKIF.jpg,"In the 22nd century, a paraplegic Marine is dispatched to the moon Pandora on a unique mission, but becomes torn between following orders and protecting an alien civilization.",2009-12-16,Avatar
Harry Potter and the Prisoner of Azkaban,,4,4.5,34.3919,/aWxwnYoe8p2d2fcxOqtvAtJ72Rw.jpg,Harry Potter's life is in danger once more as dangerous wizard Sirius Black has escaped from Azkaban Prison and is heading to Hogwarts.,2004-05-31,Harry Potter and the Prisoner of Azkaban
Doctor Strange,,3,3.5,34.062,/uGBVj3bEbCoZbDjjl9wTxcygko1.jpg,"After his career is destroyed, a brilliant but arrogant surgeon gets a new lease on life when a sorcerer takes him under her wing and trains him to defend the world against evil.",2016-10-25,Doctor Strange
Inside Out 2,,3,3.5,33.4003,/vpnVM9B6NMmQpWeZvzLvDESb2QY.jpg,"Teenager Riley's mind headquarters is undergoing a sudden demolition to make room for something entirely unexpected: new Emotions! Joy, Sadness, Anger, Fear and Disgust, who’ve long been running a successful operation by all accounts, aren’t sure how to feel when Anxiety shows up. And it looks like she’s not alone.",2024-06-11,Inside Out 2
Spider-Man 2,,3,5,32.7301,/aGuvNAaaZuWXYQQ6N2v7DeuP6mB.jpg,"Peter Parker is going through a major identity crisis. Burned out from being Spider-Man, he decides to shelve his superhero alter ego, which leaves the city suffering in the wake of carnage left by the evil Doc Ock. In the meantime, Parker still can't act on his feelings for Mary Jane Watson, a girl he's loved since childhood. A certain anger begins to brew in his best friend Harry Osborn as well...",2004-06-25,Spider-Man 2
A Minecraft Movie,,0.5,0.5,32.6219,/yFHHfHcUgGAxziP1C3lLt0q2T4s.jpg,"Four misfits find themselves struggling with ordinary problems when they are suddenly pulled through a mysterious portal into the Overworld: a bizarre, cubic wonderland that thrives on imagination. To get back home, they'll have to master this world while embarking on a magical quest with an unexpected, expert crafter, Steve.",2025-03-31,A Minecraft Movie
Mad Max: Fury Road,,4,4,32.5733,/ulcAi4dKpAjHwYGS08vNyx9H6I9.jpg,"An apocalyptic story set in the furthest reaches of our planet, in a stark desert landscape where humanity is broken, and most everyone is crazed fighting for the necessities of life. Within this world exist two rebels on the run who just might be able to restore order.",2015-05-13,Mad Max: Fury Road
Coco,,4,1.5,31.7021,/6Ryitt95xrO8KXuqRGm1fUuNwqF.jpg,"Despite his family’s baffling generations-old ban on music, Miguel dreams of becoming an accomplished musician like his idol, Ernesto de la Cruz. Desperate to prove his talent, Miguel finds himself in the stunning and colorful Land of the Dead following a mysterious chain of events. Along the way, he meets charming trickster Hector, and together, they set off on an extraordinary journey to unlock the real story behind Miguel's family history.",2017-10-27,Coco
Whiplash,,3.5,4.5,31.4686,/7fn624j5lj3xTme2SgiLCeuedmO.jpg,"Under the direction of a ruthless instructor, a talented young drummer begins to pursue perfection at any cost, even his humanity.",2014-10-10,Whiplash
The Suicide Squad,,3.5,4,31.2172,/q61qEyssk2ku3okWICKArlAdhBn.jpg,"Supervillains Harley Quinn, Bloodsport, Peacemaker and a collection of nutty cons at Belle Reve prison join the super-secret, super-shady Task Force X as they are dropped off at the remote, enemy-infused island of Corto Maltese.",2021-07-28,The Suicide Squad
One Battle After Another,,4,4,31.1756,/lbBWwxBht4JFP5PsuJ5onpMqugW.jpg,"Washed-up revolutionary Bob exists in a state of stoned paranoia, surviving off-grid with his spirited, self-reliant daughter, Willa. When his evil nemesis resurfaces after 16 years and she goes missing, the former radical scrambles to find her, father and daughter both battling the consequences of his past.",2025-09-23,One Battle After Another
The Super Mario Bros. Movie,,2.5,3,30.0045,/qNBAXBIQlnOThrVvA6mA2B5ggV6.jpg,"While working underground to fix a water main, Brooklyn plumbers—and brothers—Mario and Luigi are transported down a mysterious pipe and wander into a magical new world. But when the brothers are separated, Mario embarks on an epic quest to find Luigi.",2023-04-05,The Super Mario Bros. Movie
Joker,,4,4.5,29.9251,/udDclJoHjfjb8Ekgsd4FDteOkCU.jpg,"During the 1980s, a failed stand-up comedian is driven insane and turns to a life of crime and chaos in Gotham City while becoming an infamous psychopathic crime figure.",2019-10-01,Joker
Avatar: The Way of Water,,4.5,4,28.8912,/t6HIqrRAclMCA60NsSmeqe9RmNV.jpg,"Set more than a decade after the events of the first film, learn the story of the Sully family (Jake, Neytiri, and their kids), the trouble that follows them, the lengths they go to keep each other safe, the battles they fight to stay alive, and the tragedies they endure.",2022-12-14,Avatar: The Way of Water
28 Years Later,,3.5,4,28.2894,/n5FygjEppOvac6yEaowi26nTyw3.jpg,"Twenty-eight years after the Rage virus outbreak, a heavily-defended island survives connected to the mainland by a single causeway. When one of the group leaves the island into the dark heart of the mainland, he discovers secrets, wonders, and horrors that have mutated not only the infected but other survivors as well.",2025-06-18,28 Years Later
Shrek,,3.5,4.5,27.8599,/iB64vpL3dIObOtMZgX3RqdVdQDc.jpg,"It ain't easy bein' green -- especially if you're a likable (albeit smelly) ogre named Shrek. On a mission to retrieve a gorgeous princess from the clutches of a fire-breathing dragon, Shrek teams up with an unlikely compatriot -- a wisecracking donkey.",2001-05-18,Shrek
Turning Red,,4,4,27.5694,/qsdjk9oAKSQMWs0Vt5Pyfh6O4GZ.jpg,"Thirteen-year-old Mei is experiencing the awkwardness of being a teenager with a twist – when she gets too excited, she transforms into a giant red panda.",2022-03-10,Turning Red
Inside Out,,3.5,5,27.5402,/2H1TmgdfNtsKlU9jKdeNyYL5y8T.jpg,"When 11-year-old Riley moves to a new city, her Emotions team up to help her through the transition. Joy, Fear, Anger, Disgust and Sadness work together, but when Joy and Sadness get lost, they must journey through unfamiliar places to get back home.",2015-06-17,Inside Out
Alien: Romulus,,3.5,4,27.3704,/2uSWRTtCG336nuBiG8jOTEUKSy8.jpg,"While scavenging the deep ends of a derelict space station, a group of young space colonizers come face to face with the most terrifying life form in the universe.",2024-08-13,Alien: Romulus
12 Angry Men,,4.5,4.5,27.3154,/ppd84D2i9W8jXmsyInGyihiSyqz.jpg,"The defense and the prosecution have rested and the jury is filing into the jury room to decide if a young Spanish-American is guilty or innocent of murdering his father. What begins as an open and shut case soon becomes a mini-drama of each of the jurors' prejudices and preconceptions about the trial, the accused, and each other.",1957-04-10,12 Angry Men
Gone Girl,,4.5,4,27.0109,/ts996lKsxvjkO2yiYG0ht4qAicO.jpg,"With his wife's disappearance having become the focus of an intense media circus, a man sees the spotlight turned on him when it's suspected that he may not be innocent.",2014-10-01,Gone Girl
Howl's Moving Castle,,3.5,3,26.6262,/13kOl2v0nD2OLbVSHnHk8GUFEhO.jpg,"Sophie, a young milliner, is turned into an elderly woman by a witch who enters her shop and curses her. She encounters a wizard named Howl and gets caught up in his resistance to fighting for the king.",2004-09-09,ハウルの動く城
Alien,,4,4,25.6428,/vfrQk5IPloGg1v9Rzbh2Eg3VGyM.jpg,"During its return to the earth, commercial spaceship Nostromo intercepts a distress signal from a distant planet. When a three-member team of the crew discovers a chamber containing thousands of eggs on the planet, a creature inside one of the eggs attacks an explorer. The entire crew is unaware of the impending nightmare set to descend upon them when the alien parasite planted inside its unfortunate host is birthed.",1979-05-25,Alien
Barbie,,3,3.5,25.6427,/iuFNMS8U5cb6xfzi51Dbkovj7vM.jpg,"Barbie and Ken are having the time of their lives in the colorful and seemingly perfect world of Barbie Land. However, when they get a chance to go to the real world, they soon discover the joys and perils of living among humans.",2023-07-19,Barbie
Batman Begins,,2.5,3.5,25.4135,/sPX89Td70IDDjVr85jdSBb4rWGr.jpg,"Driven by tragedy, billionaire Bruce Wayne dedicates his life to uncovering and defeating the corruption that plagues his home, Gotham City.  Unable to work within the system, he instead creates a new identity, a symbol of fear for the criminal underworld - The Batman.",2005-06-10,Batman Begins
Wicked,,2.5,3,25.4044,/xDGbZ0JJ3mYaGKy4Nzd9Kph6M9L.jpg,"In the land of Oz, ostracized and misunderstood green-skinned Elphaba is forced to share a room with the popular aristocrat Glinda at Shiz University, and the two's unlikely friendship is tested as they begin to fulfill their respective destinies as Glinda the Good and the Wicked Witch of the West.",2024-10-16,Wicked
Everything Everywhere All at Once,,4,4.5,23.8757,/u68AjlvlutfEIcpmbYpKcdi09ut.jpg,"An aging Chinese immigrant is swept up in an insane adventure, where she alone can save what's important to her by connecting with the lives she could have led in other universes.",2022-03-24,Everything Everywhere All at Once
Top Gun,,3,3,23.8517,/xUuHj3CgmZQ9P2cMaqQs4J0d4Zc.jpg,"For Lieutenant Pete 'Maverick' Mitchell and his friend and co-pilot Nick 'Goose' Bradshaw, being accepted into an elite training school for fighter pilots is a dream come true. But a tragedy, as well as personal demons, will threaten Pete's dreams of becoming an ace pilot.",1986-05-16,Top Gun
Flow,,3.5,4.5,23.8336,/z2sG41PxfL1hnL1mHbxzSREUtOf.jpg,"A solitary cat, displaced by a great flood, finds refuge on a boat with various species and must navigate the challenges of adapting to a transformed world together.",2024-08-29,Straume
Nosferatu,,3,4,23.2532,/5qGIxdEO841C0tdY8vOdLoRVrr0.jpg,"A gothic tale of obsession between a haunted young woman and the terrifying vampire infatuated with her, causing untold horror in its wake.",2024-12-25,Nosferatu
The Truman Show,,4,4.5,23.0621,/vuza0WqY239yBXOadKlGwJsZJFE.jpg,"In a picture-perfect seaside town, an insurance salesman begins to realize that his entire existence may be staged and observed by a vast unseen audience as part of a long-running real-time reality TV show.",1998-06-04,The Truman Show
La La Land,,3.5,5,22.9997,/uDO8zWDhfWwoFdKS4fzkUJt0Rf0.jpg,"Mia, an aspiring actress, serves lattes to movie stars in between auditions and Sebastian, a jazz musician, scrapes by playing cocktail party gigs in dingy bars, but as success mounts they are faced with decisions that begin to fray the fragile fabric of their love affair, and the dreams they worked so hard to maintain in each other threaten to rip them apart.",2016-12-01,La La Land
Wreck-It Ralph,,3.5,4,22.9224,/nrEupcBwf4O1zihCM34NoXusZDq.jpg,"Wreck-It Ralph is the 9-foot-tall, 643-pound villain of an arcade video game named Fix-It Felix Jr., in which the game's titular hero fixes buildings that Ralph destroys. Wanting to prove he can be a good guy and not just a villain, Ralph escapes his game and lands in Hero's Duty, a first-person shooter where he helps the game's hero battle against alien invaders. He later enters Sugar Rush, a kart racing game set on tracks made of candies, cookies and other sweets. There, Ralph meets Vanellope von Schweetz who has learned that her game is faced with a dire threat that could affect the entire arcade, and one that Ralph may have inadvertently started.",2012-11-01,Wreck-It Ralph
The Shining,,3.5,4,22.8827,/uAR0AWqhQL1hQa69UDEbb2rE5Wx.jpg,"Jack Torrance accepts a caretaker job at the Overlook Hotel, where he, along with his wife Wendy and their son Danny, must live isolated from the rest of the world for the winter. But they aren't prepared for the madness that lurks within.",1980-05-23,The Shining
Twilight,,2.5,1.5,22.5089,/3Gkb6jm6962ADUPaCBqzz9CTbn9.jpg,"When Bella Swan moves to a small town in the Pacific Northwest, she falls in love with Edward Cullen, a mysterious classmate who reveals himself to be a 108-year-old vampire. Despite Edward's repeated cautions, Bella can't stay away from him, a fatal move that endangers her own life.",2008-11-20,Twilight
Anora,,3.5,3.5,22.4984,/cgXk2tNYhJZLXdBDO5DidAVzQ82.jpg,"A young sex worker from Brooklyn gets her chance at a Cinderella story when she meets and impulsively marries the son of an oligarch. Once the news reaches Russia, her fairytale is threatened as his parents set out to get the marriage annulled.",2024-10-14,Anora
Encanto,,3,3.5,22.3705,/4j0PNHkMr5ax3IA8tjtxcmPU3QT.jpg,"The tale of an extraordinary family, the Madrigals, who live hidden in the mountains of Colombia, in a magical house, in a vibrant town, in a wondrous, charmed place called an Encanto. The magic of the Encanto has blessed every child in the family—every child except one, Mirabel. But when she discovers that the magic surrounding the Encanto is in danger, Mirabel decides that she, the only ordinary Madrigal, might just be her exceptional family's last hope.",2021-10-13,Encanto
Elemental,,3,2,22.1152,/4Y1WNkd88JXmGfhtWR7dmDAo1T2.jpg,"In a city where fire, water, land and air residents live together, a fiery young woman and a go-with-the-flow guy will discover something elemental: how much they have in common.",2023-06-14,Elemental
Furiosa: A Mad Max Saga,,4,4,21.831,/iADOJ8Zymht2JPMoy3R7xceZprc.jpg,"As the world falls, young Furiosa is snatched from the Green Place of Many Mothers into the hands of a great biker horde led by the warlord Dementus. Sweeping through the wasteland, they encounter the citadel presided over by Immortan Joe. The two tyrants wage war for dominance, and Furiosa must survive many trials as she puts together the means to find her way home.",2024-05-22,Furiosa: A Mad Max Saga
Cars,,2.5,4,21.7551,/2Touk3m5gzsqr1VsvxypdyHY5ci.jpg,"Lightning McQueen, a hotshot rookie race car driven to succeed, discovers that life is about the journey, not the finish line, when he finds himself unexpectedly detoured in the sleepy Route 66 town of Radiator Springs. On route across the country to the big Piston Cup Championship in California to compete against two seasoned pros, McQueen gets to know the town's offbeat characters.",2006-06-08,Cars
Kill Bill: Vol. 1,,4,4,21.122,/v7TaX8kXMXs5yFFGR41guUDNcnB.jpg,"An assassin is shot by her ruthless employer, Bill, and other members of their assassination circle – but she lives to plot her vengeance.",2003-10-10,Kill Bill: Vol. 1
The Bad Guys,,3,4,21.1107,/7qop80YfuO0BwJa1uXk1DXUUEwv.jpg,"When the Bad Guys, a crew of criminal animals, are finally caught after years of heists and being the world’s most-wanted villains, Mr. Wolf brokers a deal to save them all from prison.",2022-03-17,The Bad Guys
Arrival,,4,4,20.9327,/x2FJsf1ElAgr63Y3PNPtJrcmpoe.jpg,"Taking place after alien crafts land around the world, an expert linguist is recruited by the military to determine whether they come in peace or are a threat.",2016-11-10,Arrival
Train to Busan,,3.5,4,20.9313,/vNVFt6dtcqnI7hqa6LFBUibuFiw.jpg,"When a zombie virus pushes Korea into a state of emergency, those trapped on an express train to Busan must fight for their own survival.",2016-07-20,부산행
Kung Fu Panda 4,,2.5,2,20.9172,/kDp1vUBnMpe8ak4rjgl3cLELqjU.jpg,"Po is gearing up to become the spiritual leader of his Valley of Peace, but also needs someone to take his place as Dragon Warrior. As such, he will train a new kung fu practitioner for the spot and will encounter a villain called the Chameleon who conjures villains from the past.",2024-03-02,Kung Fu Panda 4
Heat,,4,4,20.5485,/umSVjVdbVwtx5ryCA2QXL44Durm.jpg,Obsessive master thief Neil McCauley leads a top-notch crew on various daring heists throughout Los Angeles while determined detective Vincent Hanna pursues him without rest. Each man recognizes and respects the ability and the dedication of the other even though they are aware their cat-and-mouse game may end in violence.,1995-12-15,Heat
Bullet Train,,3,3.5,20.4198,/j8szC8OgrejDQjjMKSVXyaAjw3V.jpg,"Unlucky assassin Ladybug is determined to do his job peacefully after one too many gigs gone off the rails. Fate, however, may have other plans, as Ladybug's latest mission puts him on a collision course with lethal adversaries from around the globe—all with connected, yet conflicting, objectives—on the world's fastest train.",2022-08-03,Bullet Train
American Psycho,,3.5,4,20.3037,/9uGHEgsiUXjCNq8wdq4r49YL8A1.jpg,"A wealthy New York investment banking executive hides his alternate psychopathic ego from his co-workers and friends as he escalates deeper into his illogical, gratuitous fantasies.",2000-04-13,American Psycho
Raiders of the Lost Ark,,3.5,4,20.2052,/ceG9VzoRAVGwivFU403Wc3AHRys.jpg,"When Dr. Indiana Jones – the tweed-suited professor who just happens to be a celebrated archaeologist – is hired by the government to locate the legendary Ark of the Covenant, he finds himself up against the entire Nazi regime.",1981-06-12,Raiders of the Lost Ark
Babylon,,4,4.5,20.0419,/wjOHjWCUE0YzDiEzKv8AfqHj3ir.jpg,"A tale of outsized ambition and outrageous excess, tracing the rise and fall of multiple characters in an era of unbridled decadence and depravity during Hollywood's transition from silent films to sound films in the late 1920s.",2022-12-22,Babylon
No Time to Die,,3.5,4,19.8676,/iUgygt3fscRoKWCV1d0C7FbM9TP.jpg,"Bond has left active service and is enjoying a tranquil life in Jamaica. His peace is short-lived when his old friend Felix Leiter from the CIA turns up asking for help. The mission to rescue a kidnapped scientist turns out to be far more treacherous than expected, leading Bond onto the trail of a mysterious villain armed with dangerous new technology.",2021-09-29,No Time to Die
Taxi Driver,,3.5,4,19.712,/ekstpH614fwDX8DUln1a2Opz0N8.jpg,"Suffering from insomnia, disturbed loner Travis Bickle takes a job as a New York City cabbie, haunting the streets nightly, growing increasingly detached from reality as he dreams of cleaning up the filthy city.",1976-02-09,Taxi Driver
Superbad,,3,4,19.6049,/ek8e8txUyUwd2BNqj6lFEerJfbq.jpg,Two co-dependent high school seniors are forced to deal with separation anxiety after their plan to stage a booze-soaked party goes awry.,2007-08-17,Superbad
The Naked Gun,,3.5,4,19.4163,/rwla9vqzrKVVKVKiOuROTIXGsxj.jpg,"Only one man has the particular set of skills... to lead Police Squad and save the world: Lt. Frank Drebin Jr. Following in his father's footsteps, he must solve a murder case to prevent Police Squad from closure.",2025-07-30,The Naked Gun
The Fall Guy,,3,2.5,18.9959,/e7olqFmzcIX5c23kX4zSmLPJi8c.jpg,"Fresh off an almost career-ending accident, stuntman Colt Seavers has to track down a missing movie star, solve a conspiracy and try to win back the love of his life while still doing his day job.",2024-04-24,The Fall Guy
Poor Things,,3.5,4,18.9918,/kCGlIMHnOm8JPXq3rXM6c5wMxcT.jpg,"Brought back to life by an unorthodox scientist, a young woman runs off with a lawyer on a whirlwind adventure across the continents. Free from the prejudices of her times, she grows steadfast in her purpose to stand for equality and liberation.",2023-12-07,Poor Things
28 Days Later,,3.5,3.5,18.6777,/sQckQRt17VaWbo39GIu0TMOiszq.jpg,"Twenty-eight days after a killer virus was accidentally unleashed from a British research facility, a small group of London survivors are caught in a desperate struggle to protect themselves from the infected. Carried by animals and humans, the virus turns those it infects into homicidal maniacs -- and it's absolutely impossible to contain.",2002-10-31,28 Days Later
Perfect Blue,,4,4.5,18.2543,/6WTiOCfDPP8XV4jqfloiVWf7KHq.jpg,"Rising pop star Mima Kirigoe quits singing to pursue a career as an actress. After she takes up a role on a popular detective show, her handlers and collaborators begin turning up murdered. Harboring feelings of guilt and haunted by visions of her former self, Mima's reality and fantasy meld into a frenzied paranoia.",1998-02-28,PERFECT BLUE
Free Guy,,2.5,3.5,18.0435,/dxraF0qPr1OEgJk17ltQTO84kQF.jpg,"A bank teller discovers he is actually a background player in an open-world video game, and decides to become the hero of his own story. Now, in a world where there are no limits, he is determined to be the guy who saves his world his way before it's too late.",2021-08-11,Free Guy
Oldboy,,3.5,4.5,18.0304,/pWDtjs568ZfOTMbURQBYuT4Qxka.jpg,"With no clue how he came to be imprisoned, drugged and tortured for 15 years, a desperate man seeks revenge on his captors.",2003-11-21,올드보이
Alien Resurrection,,3.5,4,17.4963,/9aRDMlU5Zwpysilm0WCWzU2PCFv.jpg,"Two hundred years after Lt. Ripley died, a group of scientists clone her, hoping to breed the ultimate weapon. But the new Ripley is full of surprises … as are the new aliens. Ripley must team with a band of smugglers to keep the creatures from reaching Earth.",1997-11-12,Alien Resurrection
Killers of the Flower Moon,,4,4,17.4787,/dB6Krk806zeqd0YNp2ngQ9zXteH.jpg,"When oil is discovered in 1920s Oklahoma under Osage Nation land, the Osage people are murdered one by one—until the FBI steps in to unravel the mystery.",2023-10-18,Killers of the Flower Moon
Eternal Sunshine of the Spotless Mind,,4,4.5,17.154,/5MwkWH9tYHv3mV9OdYTMR5qreIz.jpg,"Joel Barish, heartbroken that his girlfriend underwent a procedure to erase him from her memory, decides to do the same. However, as he watches his memories of her fade away, he realises that he still loves her, and may be too late to correct his mistake.",2004-03-19,Eternal Sunshine of the Spotless Mind
Anatomy of a Fall,,4,4,17.0343,/1ho0d4LNZw3Y0voeKmSvPSgJOJ2.jpg,"A woman is suspected of her husband's murder, and their blind son faces a moral dilemma as the sole witness.",2023-08-23,Anatomie d'une chute
Indiana Jones and the Dial of Destiny,,3,1,16.9113,/Af4bXE63pVsb2FtbW8uYIyPBadD.jpg,"Finding himself in a new era, and approaching retirement, Indy wrestles with fitting into a world that seems to have outgrown him. But as the tentacles of an all-too-familiar evil return in the form of an old rival, Indy must don his hat and pick up his whip once more to make sure an ancient and powerful artifact doesn't fall into the wrong hands.",2023-06-25,Indiana Jones and the Dial of Destiny
Zodiac,,4,4,16.8965,/6YmeO4pB7XTh8P8F960O1uA14JO.jpg,"Over the course of a decade, editors of the San Francisco Chronicle entice themselves in the murders of the Zodiac Killer. However, as time runs its course, interest in the case dwindles in the eyes of the professionals. The Killer stops interacting with the public. However, believing he has the answers, an amateur cartoonist from the initial sightings races against time to prevent what he believes is another murder.",2007-03-02,Zodiac
Prisoners,,4,4,16.6152,/uhviyknTT5cEQXbn6vWIqfM4vGm.jpg,"After his six-year-old daughter is abducted, a desperate father takes justice into his own hands when he loses faith in the detective leading the investigation, setting both men on a collision course as the search descends into obsession and moral compromise.",2013-09-19,Prisoners
Challengers,,4,4,16.6045,/H6vke7zGiuLsz4v4RPeReb9rsv.jpg,"Tennis player turned coach Tashi has taken her husband, Art, and transformed him into a world-famous Major champion. To jolt him out of his recent losing streak, she signs him up for a ""Challenger"" event — close to the lowest level of pro tournament — where he finds himself standing across the net from his former best friend and Tashi's former boyfriend.",2024-04-18,Challengers
The Fabelmans,,4,4,16.3409,/h7llKkqkkJtJrTOaDLuVeUYDQ7I.jpg,"Growing up in post-World War II era Arizona, young Sammy Fabelman aspires to become a filmmaker as he reaches adolescence, but soon discovers a shattering family secret and explores how the power of films can help him see the truth.",2022-11-11,The Fabelmans
Baby Driver,,4,5,16.3339,/tYzFuYXmT8LOYASlFCkaPiAFAl0.jpg,"After being coerced into working for a crime boss, a young getaway driver finds himself taking part in a heist doomed to fail.",2017-06-28,Baby Driver
Nobody,,3,2.5,16.2722,/oBgWY00bEFeZ9N25wWVyuQddbAo.jpg,"Hutch Mansell, a suburban dad, overlooked husband, nothing neighbor — a ""nobody."" When two thieves break into his home one night, Hutch's unknown long-simmering rage is ignited and propels him on a brutal path that will uncover dark secrets he fought to leave behind.",2021-03-18,Nobody
My Neighbor Totoro,,3,4,16.2111,/rtGDOeG9LzoerkDGZF9dnVeLppL.jpg,"Two sisters move to the country with their father in order to be closer to their hospitalized mother, and discover the surrounding trees are inhabited by Totoros, magical spirits of the forest. When the youngest runs away from home, the older sister seeks help from the spirits to find her.",1988-04-16,となりのトトロ
Trap,,2.5,3.5,16.199,/jwoaKYVqPgYemFpaANL941EF94R.jpg,"A father and teen daughter attend a pop concert, where they realize they're at the center of a dark and sinister event.",2024-07-31,Trap
Napoleon,,4,4,16.1384,/ytFOXyghxLzAM4KZyazDdEkM66q.jpg,"An epic that details the checkered rise and fall of French Emperor Napoleon Bonaparte and his relentless journey to power through the prism of his addictive, volatile relationship with his wife, Josephine.",2023-11-22,Napoleon
How to Train Your Dragon 2,,3,4,16.0143,/d13Uj86LdbDLrfDoHR5aDOFYyJC.jpg,"Five years after uniting the dragons and Vikings of Berk, Hiccup and Toothless soar beyond their homeland, charting the vast unknown. During one of their adventures, the pair discover a secret cave that houses hundreds of wild dragons -- and a mysterious dragon rider with a startling connection to Hiccup. And as the ruthless dragon conqueror Drago Bludvist rises to seize control of both dragons and people alike, Hiccup must step into his role as a true leader and, alongside his friends and Toothless, protect Berk from a devastating war.",2014-06-05,How to Train Your Dragon 2
There Will Be Blood,,3.5,4,15.6001,/fa0RDkAlCec0STeMNAhPaF89q6U.jpg,"Ruthless silver miner, turned oil prospector, Daniel Plainview, moves to oil-rich California. Using his son to project a trustworthy, family-man image, Plainview cons local landowners into selling him their valuable properties for a pittance. However, local preacher Eli Sunday suspects Plainview's motives and intentions, starting a slow-burning feud that threatens both their lives.",2007-12-26,There Will Be Blood
Isle of Dogs,,4,4,15.5776,/c0nUX6Q1ZB0P2t1Jo6EeFSVnOGQ.jpg,"In the future, an outbreak of canine flu leads the mayor of a Japanese city to banish all dogs to an island used as a garbage dump. The outcasts must soon embark on an epic journey when a 12-year-old boy arrives on the island to find his beloved pet.",2018-03-23,Isle of Dogs
Jojo Rabbit,,3,3.5,15.4227,/1mqL7VG4Ix8wmxwypmCA1HTHBky.jpg,"Jojo, a lonely German boy during World War II has his world shaken when he learns that his single mother is hiding a Jewish girl in their home. Influenced by a buffoonish imaginary version of Adolf Hitler, he begins to question his beliefs and confront the conflict between propaganda and his own humanity.",2019-10-18,Jojo Rabbit
Emilia Pérez,,3,4,15.4217,/7seqaCaaXDNUHOx4DqwpoOH8pPa.jpg,"Rita, an underrated lawyer working for a large law firm more interested in getting criminals out of jail than bringing them to justice, is hired by the leader of a criminal organization.",2024-08-21,Emilia Pérez
Kingsman: The Secret Service,,3.5,4.5,15.197,/17i5YPTfHOjXoieArpATWGRhLj1.jpg,The story of a super-secret spy organization that recruits an unrefined but promising street kid into the agency's ultra-competitive training program just as a global threat emerges from a twisted tech genius.,2015-01-24,Kingsman: The Secret Service
Perfect Days,,4,4.5,15.1838,/tvUHVSTJV9ITON3oyHaWp7oaAc8.jpg,"Hirayama is content with his life as a toilet cleaner in Tokyo. Outside of his structured routine, he cherishes music on cassette tapes, books, and taking photos of trees. Through unexpected encounters, he reflects on finding beauty in the world.",2023-11-10,PERFECT DAYS
X,,3.5,2.5,15.1066,/lopZSVtXzhFY603E9OqF7O1YKsh.jpg,"In 1979, a group of young filmmakers set out to make an adult film in rural Texas, but when their reclusive, elderly hosts catch them in the act, the cast find themselves fighting for their lives.",2022-03-17,X
Seven Samurai,,4,4,15.0583,/lOMGc8bnSwQhS4XyE1S99uH8NXf.jpg,"A samurai answers a village's request for protection after he falls on hard times. The town needs protection from bandits, so the samurai gathers six others to help him teach the people how to defend themselves, and the villagers provide the soldiers with food.",1954-04-26,七人の侍
How to Train Your Dragon: The Hidden World,,4,4,14.9888,/xvx4Yhf0DVH8G4LzNISpMfFBDy2.jpg,"As Hiccup fulfills his dream of creating a peaceful dragon utopia, Toothless’ discovery of an untamed, elusive mate draws the Night Fury away. When danger mounts at home and Hiccup’s reign as village chief is tested, both dragon and rider must make impossible decisions to save their kind.",2019-01-03,How to Train Your Dragon: The Hidden World
Fantastic Mr. Fox,,4,3.5,14.7122,/euZyZb6iGreujYKrGyZHRddhUYh.jpg,"The Fantastic Mr. Fox, bored with his current life, plans a heist against the three local farmers. The farmers, tired of sharing their chickens with the sly fox, seek revenge against him and his family.",2009-10-14,Fantastic Mr. Fox
Godzilla Minus One,,4,3.5,14.6956,/2E2WTX0TJEflAged6kzErwqX1kt.jpg,"In postwar Japan, Godzilla brings new devastation to an already scorched landscape. With no military intervention or government help in sight, the survivors must join together in the face of despair and fight back against an unrelenting horror.",2023-11-03,ゴジラ-1.0
Snatch,,3.5,4,14.5769,/kJZoAHq1SLDdWjeNGtlHAnGpmFV.jpg,"Unscrupulous boxing promoters, violent bookies, a Russian gangster, incompetent amateur robbers, and supposedly Jewish jewellers fight to track down a priceless stolen diamond.",2000-09-01,Snatch
The Zone of Interest,,4.5,4.5,14.4111,/hUu9zyZmDd8VZegKi1iK1Vk0RYS.jpg,"The commandant of Auschwitz, Rudolf Höss, and his wife Hedwig, strive to build a dream life for their family in a house and garden next to the camp.",2023-12-15,The Zone of Interest
Nope,,3.5,4,14.3627,/AcKVlWaNVVVFQwro3nLXqPljcYA.jpg,"Residents in a lonely gulch of inland California bear witness to an uncanny, chilling discovery.",2022-07-20,Nope
Civil War,,3,4,14.2922,/sh7Rg8Er3tFcN9BpKIPOMvALgZd.jpg,"In the near future, a group of war journalists attempt to survive while reporting the truth as the United States stands on the brink of civil war.",2024-04-10,Civil War
Joker: Folie à Deux,,2.5,2,14.0014,/if8QiqCI7WAGImKcJCfzp6VTyKA.jpg,"While struggling with his dual identity, Arthur Fleck not only stumbles upon true love, but also finds the music that's always been inside him.",2024-10-01,Joker: Folie à Deux
Bohemian Rhapsody,,2,3.5,13.9096,/lHu1wtNaczFPGFDTrjCSzeLPTKN.jpg,"Singer Freddie Mercury, guitarist Brian May, drummer Roger Taylor and bass guitarist John Deacon take the music world by storm when they form the rock 'n' roll band Queen in 1970. Hit songs become instant classics. When Mercury's increasingly wild lifestyle starts to spiral out of control, Queen soon faces its greatest challenge yet – finding a way to keep the band together amid the success and excess.",2018-10-24,Bohemian Rhapsody
Borderlands,,1,0.5,13.8869,/4JGoZu1ZKFpMJTWAP35PCfkMgu8.jpg,"Returning to her home planet, an infamous bounty hunter forms an unexpected alliance with a team of unlikely heroes. Together, they battle monsters and dangerous bandits to protect a young girl who holds the key to unimaginable power.",2024-08-07,Borderlands
Memories of Murder,,4.5,3.5,13.8133,/jcgUjx1QcupGzjntTVlnQ15lHqy.jpg,"A sadistic serial rapist and murderer of young women terrorizes a small province in 1980s South Korea. To prevent further crimes, three increasingly desperate detectives with conflicting methods race against time to unravel the violent mind of the killer in a futile effort to solve the case.",2003-04-25,살인의 추억
Akira,,4,5,13.7437,/neZ0ykEsPqxamsX6o5QNUFILQrz.jpg,A secret military project endangers Neo-Tokyo when it turns a biker gang member into a rampaging psychic psychopath that only two teenagers and a group of psychics can stop.,1988-06-10,AKIRA
In the Mood for Love,,3.5,2.5,13.6307,/iYypPT4bhqXfq1b6EnmxvRt6b2Y.jpg,"In 1960s Hong Kong, two neighbors form an intimate bond after making a discovery about their spouses in this visually stunning tale of unrequited love.",2000-09-29,花樣年華
Children of Men,,4,4.5,13.5993,/k9IAS4TehZFcKi4HVByxZNPfqex.jpg,"In 2027, in a chaotic world in which humans can no longer procreate, a former activist agrees to help transport a miraculously pregnant woman to a sanctuary at sea, where her child's birth may help scientists save the future of humankind.",2006-09-22,Children of Men
The Holdovers,,3,3,13.4932,/VHSzNBTwxV8vh7wylo7O9CLdac.jpg,"A curmudgeonly instructor at a New England prep school is forced to remain on campus during Christmas break to babysit the handful of students with nowhere to go. Eventually, he forms an unlikely bond with one of them — a damaged, brainy troublemaker — and with the school’s head cook, who has just lost a son in Vietnam.",2023-10-27,The Holdovers
The Boy and the Heron,,3.5,4.5,13.1215,/f4oZTcfGrVTXKTWg157AwikXqmP.jpg,"While the Second World War rages, the teenage Mahito, haunted by his mother's tragic death, is relocated from Tokyo to the serene rural home of his new stepmother Natsuko, a woman who bears a striking resemblance to the boy's mother.  As he tries to adjust, this strange new world grows even stranger following the appearance of a persistent gray heron, who perplexes and bedevils Mahito, dubbing him the ""long-awaited one.""",2023-07-14,君たちはどう生きるか
Army of Darkness,,4.5,4,13.1121,/xsgTuAtR2zSH8Umg3jWZcZjlDpe.jpg,"Ash, a handsome, shotgun-toting, chainsaw-armed department store clerk, is time warped backwards into England's Dark Ages, where he romances a beauty and faces legions of the undead.",1992-10-31,Army of Darkness
Kick-Ass,,3.5,4,12.7731,/iHMbrTHJwocsNvo5murCBw0CwTo.jpg,"Dave Lizewski is an unnoticed high school student and comic book fan who one day decides to become a super-hero, even though he has no powers, training or meaningful reason to do so.",2010-03-26,Kick-Ass
Godzilla,,3,3,12.7047,/z0CpCYiaUikJrcftPnb0jYCYmoo.jpg,"Ford Brody, a Navy bomb expert, has just reunited with his family in San Francisco when he is forced to go to Japan to help his estranged father, Joe. Soon, both men are swept up in an escalating crisis when an ancient alpha predator arises from the sea to combat malevolent adversaries that threaten the survival of humanity. The creatures leave colossal destruction in their wake, as they make their way toward their final battleground: San Francisco.",2014-05-14,Godzilla
The Last Duel,,3.5,3.5,12.5522,/zjrJE0fpzPvX8saJXj8VNfcjBoU.jpg,"King Charles VI declares that Knight Jean de Carrouges settle his dispute with his squire, Jacques Le Gris, by challenging him to a duel.",2021-10-13,The Last Duel
The Count of Monte Cristo,,3,2.5,12.5056,/sAT1P3FGhtJ68anUyJScnMu8t1l.jpg,"Edmond Dantès becomes the target of a sinister plot and is arrested on his wedding day for a crime he did not commit. After 14 years in the island prison of Château d’If, he manages a daring escape. Now rich beyond his dreams, he assumes the identity of the Count of Monte-Cristo and exacts his revenge on the three men who betrayed him.",2024-06-28,Le Comte de Monte-Cristo
22 Jump Street,,3,4,12.4135,/850chzYHYbT3IISl6Q7dbBuFP2B.jpg,"After making their way through high school (twice), big changes are in store for officers Schmidt and Jenko when they go deep undercover at a local college. But when Jenko meets a kindred spirit on the football team, and Schmidt infiltrates the bohemian art major scene, they begin to question their partnership. Now they don't have to just crack the case - they have to figure out if they can have a mature relationship. If these two overgrown adolescents can grow from freshmen into real men, college might be the best thing that ever happened to them.",2014-06-05,22 Jump Street
The Breakfast Club,,4,4,12.058,/gp4zlj7wgbiofLMNsTPndMuO3PN.jpg,"Five high school students from different walks of life endure a Saturday detention under a power-hungry principal. The disparate group includes rebel John, princess Claire, outcast Allison, brainy Brian and Andrew, the jock. Each has a chance to tell his or her story, making the others see them a little differently -- and when the day ends, they question whether school will ever be the same.",1985-02-15,The Breakfast Club
Mad Max,,3.5,3,12.0336,/5LrI4GiCSrChgkdskVZiwv643Kg.jpg,"In the ravaged near-future, a savage motorcycle gang rules the road. Terrorizing innocent civilians while tearing up the streets, the ruthless gang laughs in the face of a police force hell-bent on stopping them.",1979-04-12,Mad Max
Lightyear,,3,4,11.9363,/ox4goZd956BxqJH6iLwhWPL9ct4.jpg,Legendary Space Ranger Buzz Lightyear embarks on an intergalactic adventure alongside a group of ambitious recruits and his robot companion Sox.,2022-06-15,Lightyear
Pearl,,3,4,11.8825,/z5uIG81pXyHKg7cUFIu84Wjn4NS.jpg,"Trapped on her family’s isolated farm, Pearl must tend to her ailing father under the bitter and overbearing watch of her devout mother. Lusting for a glamorous life like she’s seen in the movies, Pearl’s ambitions, temptations, and repressions collide.",2022-09-16,Pearl
Wallace & Gromit: Vengeance Most Fowl,,3.5,4.5,11.8455,/jUWFSBxTOiCinPdTOh3IDUXVemZ.jpg,"Gromit’s concern that Wallace is becoming too dependent on his inventions proves justified, when Wallace invents a “smart” gnome that seems to develop a mind of its own. When it emerges that a vengeful figure from the past might be masterminding things, it falls to Gromit to battle sinister forces and save his master… or Wallace may never be able to invent again!",2024-12-18,Wallace & Gromit: Vengeance Most Fowl
The Texas Chain Saw Massacre,,3.5,3.5,11.6979,/mpgkRPH1GNkMCgdPk2OMyHzAks7.jpg,"Five friends head out to rural Texas to visit the grave of a grandfather. On the way, they stumble across what appears to be a deserted house, only to discover something sinister within. Something armed with a chainsaw.",1974-10-11,The Texas Chain Saw Massacre
RRR,,4,4,11.5607,/u0XUBNQWlOvrh0Gd97ARGpIkL0.jpg,A fictional history of two legendary revolutionaries' journey away from home before they began fighting for their country in the 1920s.,2022-03-24,రౌద్రం రణం రుధిరం
Pokémon Detective Pikachu,,3,3.5,11.5545,/uhWvnFgg3BNlcUz0Re1HfQqIcCD.jpg,"In a world where people collect pocket-size monsters (Pokémon) to do battle, a boy comes across an intelligent monster who seeks to be a detective.",2019-05-03,Pokémon Detective Pikachu
Licorice Pizza,,3,4,11.4641,/ivXtvzfliGvoJ1DhSHIGyYBToWe.jpg,"The story of Gary Valentine and Alana Kane growing up, running around and going through the treacherous navigation of first love in the San Fernando Valley, 1973.",2021-11-26,Licorice Pizza
Chicken Run,,3.5,3.5,11.309,/8XgmIsbpVamdhwcNVsYzohFZTtT.jpg,"The creators of Wallace & Gromit bring you an exciting and original story about a group of chickens determined to fly the coop–even if they can’t fly! It’s hardly poultry in motion when Rocky attempts to teach Ginger and her feathered friends to fly…but, with teamwork, determination and a little bit o’ cluck, the fearless flock plots one last attempt in a spectacular bid for freedom.",2000-06-23,Chicken Run
Asteroid City,,3,2,11.2488,/hfo7pvL9Fys7rocfL4VOzw9qDEQ.jpg,"In an American desert town circa 1955, the itinerary of a Junior Stargazer/Space Cadet convention is spectacularly disrupted by world-changing events.",2023-06-08,Asteroid City
Gremlins,,3.5,4,11.2285,/6m0F7fsXjQvUbCZrPWcJNrjvIui.jpg,"After receiving an exotic small animal as a Christmas gift, a young man inadvertently breaks three important rules concerning his new pet, which unleashes a horde of malevolently mischievous creatures on a small town.",1984-06-08,Gremlins
Kingsman: The Golden Circle,,3,4,11.1687,/34xBL6BXNYFqtHO9zhcgoakS4aP.jpg,"When an attack on the Kingsman headquarters takes place and a new villain rises, Eggsy and Merlin are forced to work together with the American agency known as the Statesman to save the world.",2017-09-20,Kingsman: The Golden Circle
Look Back,,3.5,4,11.1549,/4f2EcNkp1Mvp9wE5w7HKxcmACWg.jpg,"Popular, outgoing Fujino is celebrated by her classmates for her funny comics in the class newspaper. One day, her teacher asks her to share the space with Kyomoto, a truant recluse whose beautiful artwork sparks a competitive fervor in Fujino. What starts as jealousy transforms when Fujino realizes their shared passion for drawing.",2024-06-28,ルックバック
The Adventures of Tintin,,3.5,4.5,11.1141,/fQZ3sLR1Fi63NMsNRbjm9q5qODJ.jpg,"Intrepid young reporter, Tintin, and his loyal dog, Snowy, are thrust into a world of high adventure when they discover a ship carrying an explosive secret. As Tintin is drawn into a centuries-old mystery, Ivan Ivanovitch Sakharine suspects him of stealing a priceless treasure. Tintin and Snowy, with the help of salty, cantankerous Captain Haddock and bumbling detectives, Thompson and Thomson, travel half the world, one step ahead of their enemies, as Tintin endeavors to find the Unicorn, a sunken ship that may hold a vast fortune, but also an ancient curse.",2011-10-24,The Adventures of Tintin
The Killer,,4,3.5,11.1062,/ipkcgvN7h3yZnbYowthloHLKsf4.jpg,"After a fateful miss, an assassin battles his employers, and himself, on an international manhunt he insists isn't personal.",2023-10-25,The Killer
Hot Fuzz,,4,4.5,10.9896,/zPib4ukTSdXvHP9pxGkFCe34f3y.jpg,"Former London constable Nicholas Angel finds it difficult to adapt to his new assignment in the sleepy British village of Sandford. Not only does he miss the excitement of the big city, but he also has a well-meaning oaf for a partner. However, when a series of grisly accidents rocks Sandford, Angel smells something rotten in the idyllic village.",2007-02-14,Hot Fuzz
Aftersun,,4,3.5,10.9838,/evKz85EKouVbIr51zy5fOtpNRPg.jpg,Sophie reflects on the shared joy and private melancholy of a holiday she took with her father twenty years earlier. Memories fill the gaps between camcorder footages as she tries to reconcile the father she knew with the troubled man she didn't.,2022-10-21,Aftersun
Suzume,,4,4,10.7125,/yStW1TXF5s7Tbtu9KjIZEaWl6HL.jpg,"Suzume, 17, lost her mother as a little girl. On her way to school, she meets a mysterious young man. But her curiosity unleashes a calamity that endangers the entire population of Japan, and so Suzume embarks on a journey to set things right.",2022-11-11,すずめの戸締まり
Beau Is Afraid,,2,4,10.6211,/wgVkkjigF31r1nZV80uV0xNIoun.jpg,"Following the sudden death of his mother, a mild-mannered but anxiety-ridden man confronts his darkest fears as he embarks on an epic odyssey back home.",2023-04-14,Beau Is Afraid
Monster,,4,3.5,10.5218,/kvUJUyUGOhEoiWWNH04IXoExPE2.jpg,"After an outburst at school involving her son, a concerned single mother demands answers, triggering a sequence of deepening suspicion and turmoil.",2023-06-02,怪物
La Haine,,4.5,4.5,10.3474,/hY4exng4s29RzDbtQInjx9MA3PZ.jpg,"After a chaotic night of rioting in a marginal suburb of Paris, three young friends, Vinz, Hubert and Saïd, wander around unoccupied waiting for news about the state of health of a mutual friend who has been seriously injured when confronting the police.",1995-05-31,La Haine
Little Miss Sunshine,,3.5,3.5,10.278,/niNdhTpPHSgw22tK0PLjQMV640v.jpg,"A family loaded with quirky, colorful characters piles into an old van and road trips to California for little Olive to compete in a beauty pageant.",2006-07-26,Little Miss Sunshine
Scooby-Doo,,2,3.5,10.1205,/mTAiBJGg8mqEfnYHHbi37ZoRSZm.jpg,"When the Mystery Inc. gang is invited to Spooky Island, a popular amusement park, they soon discover that the attractions aren't the only things that are spooky. Strange things are happening, and it's up to Scooby, Shaggy, Fred, Daphne, and Velma to uncover the truth behind the mysterious happenings.",2002-06-14,Scooby-Doo
Evil Dead II,,4,4,10.0828,/4zqCKJVHUolGs6C5AZwAZqLWixW.jpg,"Ash Williams and his girlfriend Linda find a log cabin in the woods with a voice recording from an archeologist who had recorded himself reciting ancient chants from ""The Book of the Dead."" As they play the recording an evil power is unleashed taking over Linda's body.",1987-03-13,Evil Dead II
Clerks,,3.5,4,9.9957,/9IiSgiq4h4siTIS9H3o4nZ3h5L9.jpg,"Convenience and video store clerks Dante and Randal are sharp-witted, potty-mouthed and bored out of their minds. So in between needling customers, the counter jockeys play hockey on the roof, visit a funeral home and deal with their love lives.",1994-10-19,Clerks
Blue Velvet,,3,3.5,9.8155,/6v1zYh2FKOYVddY5pCQhd4PO9uX.jpg,"The discovery of a severed human ear found in a field leads a young man on an investigation related to a beautiful, mysterious nightclub singer and a group of psychopathic criminals who have kidnapped her child.",1986-09-19,Blue Velvet
Singin' in the Rain,,4,4,9.7674,/w03EiJVHP8Un77boQeE7hg9DVdU.jpg,"In 1927 Hollywood, a silent film star falls for a chorus girl just as he and his paranoid screen partner struggle to make the difficult transition to talking pictures.",1952-04-10,Singin' in the Rain
Decision to Leave,,4,4,9.7387,/zI8KZ4EdLUymWKX1YEkpZ0gtPUa.jpg,"From a mountain peak in South Korea, a man plummets to his death. Did he jump, or was he pushed? When detective Hae-joon arrives on the scene, he begins to suspect the dead man’s wife Seo-rae. But as he digs deeper into the investigation, he finds himself trapped in a web of deception and desire.",2022-06-29,헤어질 결심
Teenage Mutant Ninja Turtles: Mutant Mayhem,,3,3.5,9.728,/gyh0eECE2IqrW8GWl3KoHBfc45j.jpg,"After years of being sheltered from the human world, the Turtle brothers set out to win the hearts of New Yorkers and be accepted as normal teenagers through heroic acts. Their new friend April O'Neil helps them take on a mysterious crime syndicate, but they soon get in over their heads when an army of mutants is unleashed upon them.",2023-07-31,Teenage Mutant Ninja Turtles: Mutant Mayhem
Phantom Thread,,4,3.5,9.2779,/hgoWjp9Sh0MI97eAMZCnIoVfgvq.jpg,"In 1950s London, a renowned dressmaker's meticulous lifestyle begins drastically changing as his relationship with his young muse intensifies.",2017-12-25,Phantom Thread
The Banshees of Inisherin,,4,4,9.2598,/4yFG6cSPaCaPhyJ1vtGOtMD1lgh.jpg,"Two lifelong friends find themselves at an impasse when one abruptly ends their relationship, with alarming consequences for both of them.",2022-10-20,The Banshees of Inisherin
Paprika,,4,4,9.2273,/nHJljo2Pi7XimYEgV9hvRchQWmg.jpg,"Dr. Atsuko Chiba is a research psychologist who uses a device called the DC Mini to enter her patients' dreams, wherein she adopts the alter-ego ""Paprika"". When the device is stolen, she must stop rogue elements from merging the dream and waking worlds.",2006-10-01,パプリカ
Ferris Bueller's Day Off,,3.5,4,9.2055,/9LTQNCvoLsKXP0LtaKAaYVtRaQL.jpg,"After high school slacker Ferris Bueller successfully fakes an illness in order to skip school for the day, he goes on a series of adventures throughout Chicago with his girlfriend Sloane and best friend Cameron, all the while trying to outwit his wily school principal and fed-up sister.",1986-06-11,Ferris Bueller's Day Off
Fallen Angels,,4.5,3.5,8.8711,/yyM9BPdwttK5LKZSLvHae7QPKo1.jpg,"An indifferent hitman, his infatuated business partner and an ex-convict search for love and meaning as their lives cross paths in Hong Kong.",1995-09-06,墮落天使
MaXXXine,,3,2,8.8489,/ArvoFK6nlouZRxYmtIOUzKIrg90.jpg,"In 1980s Hollywood, adult film star and aspiring actress Maxine Minx finally gets her big break. But as a mysterious killer stalks the starlets of Hollywood, a trail of blood threatens to reveal her sinister past.",2024-07-04,MaXXXine
Punch-Drunk Love,,4,4,8.6992,/htYp4yqFu4rzBEIa6j9jP8miDm3.jpg,A socially awkward and volatile small business owner meets the love of his life after being threatened by a gang of scammers.,2002-10-11,Punch-Drunk Love
Shame,,4,1.5,8.6151,/cAWLz9kFv4xc6IsEXTj2DrcqD55.jpg,"Brandon, a thirty-something man living in New York, eludes intimacy with women but feeds his deepest desires with a compulsive addiction to sex. When his younger sister temporarily moves into his apartment, stirring up bitter memories of their shared painful past, Brandon's life, like his fragile mind, gets out of control.",2011-10-02,Shame
Triangle of Sadness,,3,4.5,8.4977,/k9eLozCgCed5FGTSdHu0bBElAV8.jpg,"A celebrity model couple are invited on a luxury cruise for the uber-rich, helmed by an unhinged, alcoholic captain. What first appears Instagrammable ends catastrophically, leaving the survivors stranded on a desert island in a struggle of hierarchy.",2022-09-18,Triangle of Sadness
Porco Rosso,,4,4,8.4893,/8mIvSvnVBApfORL9N6S38Q7wD6A.jpg,"In Italy in the 1930s, sky pirates in biplanes terrorize wealthy cruise ships as they sail the Adriatic Sea. The only pilot brave enough to stop the scourge is the mysterious Porco Rosso, a former World War I flying ace who was somehow turned into a pig during the war. As he prepares to battle the pirate crew's American ace, Porco Rosso enlists the help of spunky girl mechanic Fio Piccolo and his longtime friend Madame Gina.",1992-07-18,紅の豚
Love Lies Bleeding,,3,4,8.4396,/xImj8RLe39YK0lyVu9kXv7ApN8p.jpg,"Reclusive gym manager Lou falls hard for Jackie, an ambitious bodybuilder headed through town to Las Vegas in pursuit of her dream. But their love ignites violence, pulling them deep into the web of Lou’s criminal family.",2024-03-07,Love Lies Bleeding
The Peanuts Movie,,4,5,8.437,/aiwdwnl7RFs1vcBanOKr13ye3wE.jpg,"Snoopy embarks upon his greatest mission as he and his team take to the skies to pursue their arch-nemesis, while his best pal Charlie Brown begins his own epic quest.",2015-11-05,The Peanuts Movie
Little Amélie or the Character of Rain,,3.5,4.5,8.2002,/qoqDvTUVPoZJWw24AjGDt3J4tZN.jpg,"The world is a perplexing, peaceful mystery to Amélie until a miraculous encounter with chocolate ignites her wild sense of curiosity. As she develops a deep attachment to her family's housekeeper, Nishio-san, Amélie discovers the wonders of nature as well as the emotional truths hidden beneath the surface of her family's idyllic life as foreigners in post-war Japan.",2025-06-25,Amélie et la métaphysique des tubes
Battle Royale,,4.5,4,8.1112,/aLGKAQKgzWpJ6egyWzzC11jXBRJ.jpg,"In the future, the Japanese government captures a class of ninth-grade students and forces them to kill each other under the revolutionary ""Battle Royale"" act.",2000-12-16,バトル・ロワイアル
The Smashing Machine,,3,2.5,8.0319,/cwwvrdYeIrARXdiv09GIO6XWK5l.jpg,"In the late 1990s, up-and-coming mixed martial artist Mark Kerr aspires to become the greatest fighter in the world. However, he must also battle his opioid dependence and a volatile relationship with his girlfriend Dawn.",2025-10-01,The Smashing Machine
Big Trouble in Little China,,3.5,3.5,7.8947,/gI2Qs1yTTj3NcESJyttCkbmJ4k9.jpg,"Truck driver Jack Burton gets embroiled in a supernatural battle when his best friend Wang Chi's green-eyed fiancée is kidnapped by henchmen of the sorcerer Lo Pan, who must marry a girl with green eyes in order to return to the human realm.",1986-05-30,Big Trouble in Little China
Chip 'n Dale: Rescue Rangers,,2.5,3,7.6364,/7UGmn8TyWPPzkjhLUW58cOUHjPS.jpg,"Decades since their successful television series was canceled, Chip has succumbed to a life of suburban domesticity as an insurance salesman. Dale, meanwhile, has had CGI surgery and works the nostalgia convention circuit, desperate to relive his glory days. When a former cast mate mysteriously disappears, Chip and Dale must repair their broken friendship and take on their Rescue Rangers detective personas once again to save their friend’s life.",2022-05-20,Chip 'n Dale: Rescue Rangers
Breathless,,3,3.5,7.6208,/9Wx0Wdn2EOqeCZU4SP6tlS3LOml.jpg,"A small-time thief steals a car and impulsively murders a motorcycle policeman. Wanted by the authorities, he attempts to persuade a girl to run away to Italy with him.",1960-03-16,À bout de souffle
Hellraiser,,3,4,7.4253,/3Z0oPHyLnk3Vx6ZMC1MiVwIrKhO.jpg,A hedonistic man finds a mysterious puzzle box that summons a group of gruesome beings known as the Cenobites. These otherworldly entities open the doors to a dominion where pain and pleasure are indivisible.,1987-09-11,Hellraiser
Nouvelle Vague,,2,1.5,7.3131,/yZUZAMsw31KfIg66eB00eJrYN8n.jpg,"After writing for Cahiers du cinéma, young Godard decides making films is the best film criticism. He gets Beauregard to fund a low-budget feature, creating a treatment with Truffaut about a gangster couple.",2025-10-08,Nouvelle Vague
Suspiria,,4,4,7.2863,/bRpKFPb8CWKRQxVo9NzOuPPlO3Q.jpg,"A darkness swirls at the center of a world-renowned dance company, one that will engulf the artistic director, an ambitious young dancer, and a grieving psychotherapist. Some will succumb to the nightmare. Others will finally wake up.",2018-10-26,Suspiria
The Mule,,3.5,3.5,7.022,/vkOfx5meJvFb4qmAJU7j6v8IIpZ.jpg,"Earl Stone, a man in his eighties, is broke, alone, and facing foreclosure of his business when he is offered a job that simply requires him to drive. Easy enough, but, unbeknownst to Earl, he's just signed on as a drug courier for a Mexican cartel. He does so well that his cargo increases exponentially, and Earl hit the radar of hard-charging DEA agent Colin Bates.",2018-12-14,The Mule
All of Us Strangers,,4,3,6.8974,/aviJMFZSnnCAsCVyJGaPNx4Ef3i.jpg,"One night in his near-empty tower block in contemporary London, Adam has a chance encounter with a mysterious neighbor, which punctures the rhythm of his everyday life.",2023-12-22,All of Us Strangers
Megalopolis,,2,4,6.7025,/8Sok3HNA3r1GHnK2lCytHyBz1A.jpg,"In a futuristic New York known as New Rome, visionary architect Cesar Catilina dreams of building ""Megalopolis,"" a utopian city that redefines society’s limits. Opposing him is the corrupt Mayor Franklyn Cicero, who clings to power and profit. Between them stands Julia, the mayor’s daughter, whose love for Cesar forces her to choose between loyalty, ambition, and the fate of humanity.",2024-09-25,Megalopolis
Metropolis,,4,4,6.5857,/kr9wXRN23zLuWJIelahas1mtnYj.jpg,"In a futuristic city sharply divided between the rich and the poor, the son of the city's mastermind meets a prophet who predicts the coming of a savior to mediate their differences.",1927-01-10,Metropolis
The Castle of Cagliostro,,4,3.5,6.5498,/p7xL3WYeclgtGCLrWfBrXKdBV7d.jpg,"After a successful robbery leaves famed thief Lupin the Third and his partner Jigen with nothing but a large amount of expertly crafted counterfeit bills, he decides to track down the forgers responsible—and steal any other treasures he may find in the Castle of Cagliostro, including the 'damsel in distress' he finds imprisoned there.",1979-07-06,ルパン三世 カリオストロの城
The Boss Baby,,3,3.5,6.4874,/9MsQJKe4cUAGxc7R2NGaFQLqOPc.jpg,"A story about how a new baby's arrival impacts a family, told from the point of view of a delightfully unreliable narrator, a wildly imaginative 7 year old named Tim.",2017-03-23,The Boss Baby
Drive My Car,,4,3.5,6.4555,/a2lxHS6Au35k5XtFQEQW44yWHeH.jpg,"Yusuke Kafuku, a stage actor and director, still unable, after two years, to cope with the loss of his beloved wife, accepts to direct Uncle Vanya at a theater festival in Hiroshima. There he meets Misaki, an introverted young woman, appointed to drive his car. In between rides, secrets from the past and heartfelt confessions will be unveiled.",2021-08-18,ドライブ・マイ・カー
Yesterday,,2,3.5,6.3069,/9fYka5CQt9nrb6LOtKicysUf9NA.jpg,A struggling musician realizes he's the only person on Earth who can remember The Beatles after waking up in an alternate reality where the group was forgotten.,2019-06-26,Yesterday
Tokyo Godfathers,,4,4.5,6.1784,/sPC66btzQlzuRdPKiSDYZ5Hvxgc.jpg,"On Christmas Eve, three homeless people living on the streets of Tokyo discover a newborn baby among the trash and set out to find its parents.",2003-12-05,東京ゴッドファーザーズ
Hard Boiled,,4,4.5,5.9454,/oMqr4CGGqVlfI8DdrSelK1e9aFM.jpg,A cop who loses his partner in a shoot-out with gun smugglers goes on a mission to catch them. In order to get closer to the leaders of the ring he joins forces with an undercover cop who's working as a gangster hitman. They use all means of excessive force to find them.,1992-04-16,辣手神探
Bottoms,,2.5,2.5,5.878,/jeyTQrNEpyE1LZIgVlswYh3sc34.jpg,Unpopular best friends PJ and Josie start a high school self-defense club to meet girls and lose their virginity. They soon find themselves in over their heads when the most popular students start beating each other up in the name of self-defense.,2023-08-25,Bottoms
The Farewell,,3,3,5.8321,/7ht2IMGynDSVQGvAXhAb83DLET8.jpg,A headstrong Chinese-American woman returns to China when her beloved grandmother is given a terminal diagnosis. Billi struggles with her family's decision to keep grandma in the dark about her own illness as they all stage an impromptu wedding to see grandma one last time.,2019-07-12,The Farewell
The Room Next Door,,2.5,3,5.8306,/qMibLyArrlBJ87AoqQBeVaFeRXp.jpg,"Ingrid and Martha were close friends in their youth, when they worked together at the same magazine. Ingrid went on to become an autofiction novelist while Martha became a war reporter, and they were separated by the circumstances of life. After years of being out of touch, they meet again in an extreme but strangely sweet situation.",2024-10-07,La habitación de al lado
The Animal Kingdom,,3.5,4,5.6461,/39AiQnXlXOjoqBSkiUpTG80rXLw.jpg,"In a world hit by a wave of mutations transforming humans into animals, François does everything he can to save his wife. As some of the creatures disappear into a nearby forest, he and their son Émile embark on a quest that will change their lives forever.",2023-10-04,Le Règne animal
Audition,,4,4,5.4685,/zwGaUMm0wAqi0wkO7LJDlwoA5LP.jpg,"Seven years after the death of his wife, widower Shigeharu seeks advice on how to find a new wife from a colleague. Taking advantage of their position as a film company, they stage an audition. Interviewing a series of women, Shigeharu is enchanted by the quiet Asami. But soon things take a twisted turn as Asami isn’t what she seems to be.",2000-03-03,オーディション
The First Slam Dunk,,4.5,3.5,5.411,/7i3EBXY87HdHagCoFbmjHQ8DlkG.jpg,"Shohoku's “speedster” and point guard, Ryota Miyagi, always plays with brains and lightning speed, running circles around his opponents while feigning composure. In his second year of high school, Ryota plays with the Shohoku High School basketball team along with Sakuragi, Rukawa, Akagi, and Mitsui as they take the stage at the Inter-High School National Championship. And now, they are on the brink of challenging the reigning champions, Sannoh Kogyo High School.",2022-12-03,THE FIRST SLAM DUNK
Pom Poko,,4,4,5.4029,/gyoJmFf24MOUc4TTu97sd0cHIQF.jpg,"The Raccoons of the Tama Hills are being forced from their homes by the rapid development of houses and shopping malls. As it becomes harder to find food and shelter, they decide to band together and fight back. The Raccoons practice and perfect the ancient art of transformation until they are even able to appear as humans in hilarious circumstances.",1994-07-16,平成狸合戦ぽんぽこ
The Disaster Artist,,3.5,4,5.3643,/2HuLGiyH0TPYxnCvYHAxc8K738o.jpg,"An aspiring actor in Hollywood meets an enigmatic stranger by the name of Tommy Wiseau, the meeting leads the actor down a path nobody could have predicted; creating the worst movie ever made.",2017-03-12,The Disaster Artist
The Night of the Hunter,,3.5,3.5,5.3426,/rBka0nFWiHxabHRLr0KfIA8Yiaq.jpg,"In Depression-era West Virginia, a serial-killing preacher hunts two young children who know the whereabouts of a stash of money.",1955-07-26,The Night of the Hunter
The Holy Mountain,,4,3.5,5.2915,/oaOyrFD4ZyZZwjO8wc4b12XHcgZ.jpg,The Alchemist assembles together a group of people from all walks of life to represent the planets in the solar system. The occult adept's intention is to put his recruits through strange mystical rites and divest them of their worldly baggage before embarking on a trip to Lotus Island. There they ascend the Holy Mountain to displace the immortal gods who secretly rule the universe.,1973-11-29,La montaña sagrada
Marcel the Shell with Shoes On,,4,4,5.288,/jaYmP4Ct8YLnxWAW2oYkUjeXtzm.jpg,"Marcel is an adorable one-inch-tall shell who ekes out a colorful existence with his grandmother Connie and their pet lint, Alan. Once part of a sprawling community of shells, they now live alone as the sole survivors of a mysterious tragedy. When a documentarian discovers them amongst the clutter of his Airbnb, his resulting short film brings Marcel millions of passionate fans, as well as unprecedented dangers and a new hope at finding his long-lost family.",2022-06-24,Marcel the Shell with Shoes On
mid90s,,3,4,5.2584,/9Tw0Y3DK5kGIU9X1yw3Q9gCkOlb.jpg,"In 1990s Los Angeles, a 13-year-old spends his summer navigating between a troubled home life and a crew of new friends he meets at a skate shop.",2018-10-19,mid90s
See You Up There,,4,4,5.2457,/pkO5YoznMR9neuHVzhxHK9JJpAj.jpg,"In November 1918, a few days before the Armistice, when Lieutenant Pradelle orders a senseless attack, he causes a useless disaster; but his outrageous act also binds the lives of two soldiers who have nothing more in common than the battlefield: Édouard saves Albert, although at a high cost. They become companions in misfortune who will attempt to survive in a changing world. Pradelle, in his own way, does the same.",2017-10-25,Au revoir là-haut
The Man Who Shot Liberty Valance,,4,4,5.2423,/4C1R0LEivLjbv3swAzJfzh0tzXl.jpg,"Questions arise when Senator Stoddard attends the funeral of a local man named Tom Doniphon in a small Western town. Flashing back, we learn Doniphon saved Stoddard, then a lawyer, when he was roughed up by a crew of outlaws terrorizing the town, led by Liberty Valance. As the territory's safety hung in the balance, Doniphon and Stoddard, two of the only people standing up to him, proved to be very important, but different, foes to Valance.",1962-04-13,The Man Who Shot Liberty Valance
Beating Hearts,,3,3.5,5.1224,/yu9dRyKcUHTfKcqsomUtpord4t3.jpg,"Local rebellious teenager Clotaire falls for his schoolmate Jackie, but gang violence leads him to a darker destructive path. After years apart, the star-crossed lovers discover that every path they've taken leads them back together.",2024-10-16,L'Amour ouf
Battleship Potemkin,,3.5,4,5.1188,/hZmsRLsCnE9Zshf1YJONUpCOhds.jpg,"A dramatized account of a great Russian naval mutiny and a resultant public demonstration, showing support, which brought on a police massacre.",1925-12-24,Броненосец Потёмкин
Athena,,2.5,3.5,5.1124,/s8B0GsFEebd0DW2spykLMxnc1Kn.jpg,"Hours after the tragic death of their youngest brother in unexplained circumstances, three siblings have their lives thrown into chaos.",2022-09-09,Athena
The Umbrellas of Cherbourg,,2.5,3,4.9893,/tAgTf64XKK5ir7w5C7dnB53jWWG.jpg,"This simple romantic tragedy begins in 1957. Guy Foucher, a 20-year-old French auto mechanic, has fallen in love with 17-year-old Geneviève Emery, an employee in her widowed mother's chic but financially embattled umbrella shop. On the evening before Guy is to leave for a two-year tour of combat in Algeria, he and Geneviève make love. She becomes pregnant and must choose between waiting for Guy's return or accepting an offer of marriage from a wealthy diamond merchant.",1964-02-19,Les Parapluies de Cherbourg
The Twelve Tasks of Asterix,,4.5,4.5,4.8895,/7cZQZOYZFJcLjZnxWjO5PcUtmDZ.jpg,"Asterix and Obelix depart on an adventure to complete twelve impossible tasks to prove to Caesar that they are as strong as the Gods. You'll roar with laughter as they outwit, outrun, and generally outrage the very people who are trying to prove them ""only human"".",1976-06-26,Les 12 travaux d'Astérix
Humanist Vampire Seeking Consenting Suicidal Person,,3,4.5,4.8084,/m5OItLBY5T38ew1YI4VSIXjl5G2.jpg,"Sasha is a young vampire with a serious problem: she's too sensitive to kill. When her exasperated parents cut off her blood supply, Sasha's life is in jeopardy. Luckily, she meets Paul, a lonely teenager with suicidal tendencies who is willing to give his life to save hers. But their friendly agreement soon becomes a nocturnal quest to fulfill Paul's last wishes before day breaks.",2023-10-13,Vampire humaniste cherche suicidaire consentant
Red Rooms,,4.5,4.5,4.7518,/uBJvbf0g9rcsYElcwZCMYU0Vrj8.jpg,"The high-profile case of serial killer Ludovic Chevalier has just gone to trial, and Kelly-Anne is obsessed. When reality blurs with her morbid fantasies, she goes down a dark path to seek the final piece of the case’s puzzle.",2023-08-11,Les Chambres rouges
Fallen Leaves,,3.5,4,4.7244,/9ayYOpeqHhxfHHUoyt3kXzznECO.jpg,"In modern-day Helsinki, two lonely souls in search of love meet by chance in a karaoke bar. However, their path to happiness is beset by obstacles – from lost phone numbers to mistaken addresses, alcoholism, and a charming stray dog.",2023-09-14,Kuolleet lehdet
Dog 51,,2,1,4.6789,/olMvhbCRuhTbf6EMKxKGHi2on3L.jpg,"In the near future, Paris is divided into three zones that separate social classes, and no one can escape ALMA, a predictive AI that has revolutionized law enforcement. When ALMA’s creator is assassinated, Salia, a top agent, and Zem, a jaded cop, are forced to work together to solve a murder that may expose the dark secrets of the system they serve.",2025-10-15,Chien 51
Throne of Blood,,4.5,4.5,4.6619,/zaZFMNxJST0TtPd68yF7fNt1he8.jpg,"Returning to their lord's castle, samurai warriors Washizu and Miki are waylaid by a spirit who predicts their futures. When the first part of the spirit's prophecy comes true, Washizu's scheming wife, Asaji, presses him to speed up the rest of the spirit's prophecy by murdering his lord and usurping his place. Director Akira Kurosawa's resetting of William Shakespeare's ""Macbeth"" in feudal Japan is one of his most acclaimed films.",1957-01-15,蜘蛛巣城
The Marching Band,,2.5,3,4.6609,/6lATJ42bWGAIQ0cG2dzSZD8bNcL.jpg,"A world-famous orchestra conductor discovers the brother he never knew he had — a school cafeteria worker who plays trombone in a local marching band. Detecting his brother's exceptional musical talent, he takes it upon himself to rectify the injustice of fate.",2024-11-27,En fanfare
Bye Bye Morons,,3.5,5,4.6371,/iEzAKYpwdfFprRV39B7GxJoz9LV.jpg,"When 43-year-old hairdresser Suze Trappet finds out that she's seriously ill, she decides to go looking for a child she was forced to abandon when she was only 15. On her madcap bureaucratic quest she crosses paths with JB, a 50-year-old man in the middle of a burnout, and Mr. Blin, a blind archivist prone to overenthusiasm. The unlikely trio set off on a hilarious and poignant helterskelter journey across the city in search of Suze's long-lost child.",2020-10-21,Adieu les cons
Hiroshima Mon Amour,,2.5,3.5,4.6341,/zieczjWnvalaxwX5EQASEx0on5f.jpg,"The deep conversation between a Japanese architect and a French actress forms the basis of this celebrated French film, considered one of the vanguard productions of the French New Wave. Set in Hiroshima after the end of World War II, the couple -- lovers turned friends -- recount, over many hours, previous romances and life experiences. The two intertwine their stories about the past with pondering the devastation wrought by the atomic bomb dropped on the city.",1959-06-10,Hiroshima mon amour
Millennium Actress,,4,4,4.4734,/p44UXOFBCY5xbpCKEsWpi4filCD.jpg,"Documentary filmmaker Genya Tachibana has tracked down the legendary actress Chiyoko Fujiwara, who mysteriously vanished at the height of her career. When he presents her with a key she had lost and thought was gone forever, the filmmaker could not have imagined that it would not only unlock the long-held secrets of Chiyoko’s life... but also his own.",2002-09-14,千年女優
Sonatine,,4.5,4,4.4467,/mX9E4fEuG17L2e7bZmhBc0XdRbw.jpg,"Murakawa, an aging Tokyo yakuza tiring of gangster life, is sent by his boss to Okinawa along with a few of his henchmen to help end a gang war, supposedly as mediators between two warring clans. He finds that the dispute between the clans is insignificant and whilst wondering why he was sent to Okinawa at all, his group is attacked in an ambush. The survivors flee and make a decision to lay low at the beach while they await further instructions.",1993-09-10,Sonatine
House,,4.5,4,4.2326,/ryZ3DdZPvXVCv9qRCtVRfmNbYAH.jpg,"Hoping to find a sense of connection to her late mother, Gorgeous takes a trip with her friends to visit her aunt's ancestral house in the countryside. The girls soon discover that there is more to the old house than meets the eye.",1977-08-26,ハウス
Red Rocket,,3.5,4,4.0201,/345gLhiNpItU1ICx8OxJQwjgPmH.jpg,"After hitting rock bottom in Los Angeles, former porn star Mikey Saber returns to his hometown in Texas to stay with his estranged wife and mother-in-law. Just as tensions begin to ease, he becomes infatuated with a young doughnut shop worker named Strawberry.",2021-12-10,Red Rocket
Man with a Movie Camera,,3.5,3.5,3.9514,/vJgAdgJWX54v0oXfIvhwjlZnmgn.jpg,"A cameraman wanders around with a camera slung over his shoulder, documenting urban life with dazzling inventiveness.",1929-05-12,Человек с киноаппаратом
Kneecap,,3.5,4,3.9319,/gEbQi5QWUg3CQ9R5dwvPBvbOX17.jpg,"When fate brings Belfast teacher JJ into the orbit of self-confessed ""low life scum"" Naoise and Liam Óg, the needle drops on a hip-hop act like no other. Rapping in their native Irish, they lead a movement to save their mother tongue.",2024-08-02,Kneecap
Sherlock Jr.,,3.5,4,3.8929,/1G9r3rqtbFAQuyWKOZm4Y5J5s7Q.jpg,"A film projectionist longs to be a detective, and puts his meager skills to work when he is framed by a rival for stealing his girlfriend's father's pocketwatch.",1924-04-17,Sherlock Jr.
Phantom of the Paradise,,4,4,3.8383,/qDOtGWeSQNwB3dG7Amt1K0JW0az.jpg,"Singer-songwriter Winslow Leach seeks revenge on the nefarious music producer Swan, who steals both Winslow's music and his favorite singer for the grand opening of Swan's new rock palace, the Paradise.",1974-10-31,Phantom of the Paradise
Reflection in a Dead Diamond,,2.5,4.5,3.8015,/5CdRxBu7jRDHjthkAL8vE0GdKUD.jpg,"When the mysterious woman in the room next door disappears, a debonair 70-year-old ex-spy living in a luxury hotel on the Côte d'Azur is confronted by the demons and darlings of a lurid past in which moviemaking, memories and madness collide.",2025-06-25,Reflet dans un diamant mort
Tetsuo: The Iron Man,,4.5,4,3.7024,/lARc59hUAKW3ziWddftUnZ99R8c.jpg,"A ""metal fetishist"", driven mad by the maggots wriggling in the wound he's made to embed metal into his flesh, runs out into the night and is accidentally run down by a Japanese businessman and his girlfriend. The pair dispose of the corpse in hopes of quietly moving on with their lives. However, the businessman soon finds that he is now plagued by a vicious curse that transforms his flesh into iron.",1989-07-01,鉄男
For the Birds,,3,4,3.6996,/7GogfWZYkZh802fnaMoDBnu8cfV.jpg,"One by one, a flock of small birds perches on a telephone wire. Sitting close together has problems enough, and then comes along a large dopey bird that tries to join them. The birds of a feather can't help but make fun of him - and their clique mentality proves embarrassing in the end.",2000-11-02,For the Birds
Reality,,3.5,4,3.6836,/rTEYxSDo9aJTTbM0zuMMLgzJcUJ.jpg,"Augusta, Georgia, United States, June 3, 2017. After running some errands, Reality Winner returns home, where she is approached by two men.",2023-06-02,Reality
"Night Is Short, Walk On Girl",,3.5,3,3.6277,/cDp45WZNqgAli3u4GTnUhsqFn5K.jpg,"As a group of university students go out for a night on the town, a sophomore known only as ""The Girl with Black Hair"" experiences a series of surreal encounters with the local nightlife – all the while unaware of the romantic longings of ""Senpai"", a senior student who has been creating increasingly fantastic and contrived reasons to run into her in an effort to win her heart.",2017-04-07,夜は短し歩けよ乙女
The Young Girls of Rochefort,,3,3.5,3.6152,/jtxhyGaYhurH6KsjvP1jV3dDypz.jpg,"In the seaside town of Rochefort, twin sisters Delphine and Solange dream of love and artistic fulfillment beyond their quiet lives. As sailors, artists, musicians, and chance visitors pass through town during a weekend fair, a web of near-misses and romantic longing brings ideal partners tantalizingly close—without their realizing it.",1967-03-08,Les Demoiselles de Rochefort
Up for Love,,1,1.5,3.5508,/vBOioZKaGacNtx8G7qZeTPqemk7.jpg,"Diane is a well-known lawyer, divorced for three years. She loses her mobile telephone and receives a call from the person who finds it. That person is Alexandre, a charming man and the perfect gentleman. They make a connection over the phone and agree to meet up the following day. But when Alexandre arrives, there's a surprise in store when Diane discovers he is only 4' 6"" tall. From that moment on, Diane tries to overcome the prejudices of society and her own fears to experience the best time of her life...",2016-05-04,Un homme à la hauteur
"OSS 117: Cairo, Nest of Spies",,4,4,3.4636,/dDVHVZVEbTV4JsB8ZjdXNmMK7rA.jpg,"Set in 1955, French secret agent Hubert Bonisseur de La Bath/OSS 117 is sent to Cairo to investigate the disappearance of his best friend and fellow spy Jack Jefferson, only to stumble into a web of international intrigue.",2006-04-19,"OSS 117 : Le Caire, nid d'espions"
Geri's Game,,3.5,3.5,3.4094,/8PdCk3T9EkcKniUviDogWFCXx28.jpg,"An aging codger named Geri plays a daylong game of chess in the park against himself. Somehow, he begins losing to his livelier opponent. But just when the game's nearly over, Geri manages to turn the tables.",1997-11-24,Geri's Game
The Ties That Bind Us,,2,3,3.4039,/tRLvA1kqbII1IuFDaRncQUkDLqW.jpg,"A young single father trying to find the strength to love. A feminist librarian, single by conviction, who’s decided that she won’t be a mother. A six-year-old child trying to find a place in a new family structure. By revealing their aspirations, their fears, their choices, Carine Tardieu depicts different ways in which humans create families.",2025-02-19,L'Attachement
One Cut of the Dead,,4,4,3.398,/rws34k2bqYVo2B5MkhKAbV8925j.jpg,"Real zombies arrive and terrorize the crew of a zombie film being shot in an abandoned warehouse, said to be the site of military experiments on humans.",2017-11-04,カメラを止めるな！
Keep an Eye Out,,3,3.5,3.3797,/zfq8FfMbaYL3fHVgrIsFBaDhRPC.jpg,"Louis just found the corpse of a man in front of his apartment building. Taken in for custody by Captain Buron, he finds himself on the wrong end of a surreal interrogation. But how can you prove you are innocent when the cops are crazy?",2018-07-04,Au poste !
C'est la vie!,,3.5,4.5,3.3171,/e9hIxAKPdXo9Fgwca6vT4USOXK6.jpg,"Max is a battle-weary veteran of the wedding-planning racket. His latest — and last — gig is a hell of a fête, involving stuffy period costumes for the caterers, a vain, hyper- sensitive singer who thinks he's a Gallic James Brown, and a morose, micromanaging groom determined to make Max's night as miserable as possible. But what makes the affair too bitter to endure is that Max's colleague and ostensible girlfriend, Joisette, seems to have written him off, coolly going about her professional duties while openly flirting with a much younger server. It's going to be a very long night… especially once the groom's aerial serenade gets underway.",2017-10-04,Le Sens de la fête
Mad God,,4,4.5,3.3139,/105stT9GkiENXiYqvWYKoAuHKQL.jpg,"A silent figure known as The Assassin travels through a nightmare underworld of tortured souls, ruined cities and wretched monstrosities forged from the primordial horrors of the unconscious mind of Phil Tippett, the world's preeminent stop-motion animator.",2021-09-17,Mad God
LUPIN THE IIIRD: The Movie - The Immortal Bloodline,,2.5,2,3.2504,/f0hYxuXhvQwuqLvv8zk9cuAiHnA.jpg,"After fending off a series of skilled assassins, gentleman thief Lupin III and his band of allies follow a strange invitation to an uncharted island. When their plane is shot down, the gang is stranded and soon hunted by the island’s inhabitants, past enemies, and a monstrous immortal being known as Muom, who threatens to destroy Lupin's legacy. As a deadly toxic fog settles over them, Lupin must confront his greatest enemy in his most daring escapade yet.",2025-06-27,LUPIN THE IIIRD THE MOVIE 不死身の血族
Good Morning,,3.5,3.5,3.2364,/dXy2LFsE0VlHlHJU3SLBdJgrzEq.jpg,"Two boys beg their parents for a television set, nagging them until all patience is lost. The parents order the boys to be quiet and the boys do exactly that--refusing to utter a word. The boys' silence ultimately puts the whole neighborhood into turmoil.",1959-05-12,お早よう
Bo Burnham: Inside,,2.5,2.5,3.2274,/ku1UvTWYvhFQbSesOD6zteY7bXT.jpg,"Stuck in COVID-19 lockdown, US comedian and musician Bo Burnham attempts to stay sane and happy by writing, shooting and performing a one-man comedy special.",2021-07-22,Bo Burnham: Inside
Fantastic Planet,,3,3.5,3.2268,/prq0j1S0K07UjwLZLF6oMGflRUI.jpg,"On the planet Ygam, the Draags, extremely technologically and spiritually advanced blue humanoids, consider the tiny Oms, human beings descendants of Terra's inhabitants, as ignorant animals. Those who live in slavery are treated as simple pets and used to entertain Draag children; those who live hidden in the hostile wilderness of the planet are periodically hunted and ruthlessly slaughtered as if they were vermin.",1973-12-01,La Planète sauvage
A Little Something Extra,,3,3,3.2124,/hhL8QC7O6fFfwgV6pDf1WSOxGcY.jpg,"To escape the police, a father and his son are forced to find refuge in a summer camp for young adults with mental disabilities, taking on the role of an educator and a boarder. The beginning of troubles and a wonderful human experience that will change them forever.",2024-04-18,Un p'tit truc en plus
Vagabond,,3.5,4,3.1786,/2KFfwiPct1hwqi9dkKqoom0BenC.jpg,"Mona Bergeron is dead, her frozen body found in a ditch in the French countryside. From this, the film flashes back to the weeks leading up to her death. Through these flashbacks, Mona gradually declines as she travels from place to place, taking odd jobs and staying with whomever will offer her a place to sleep. Mona is fiercely independent, craving freedom over comfort, but it is this desire to be free that will eventually lead to her demise.",1985-12-04,Sans toit ni loi
Yannick,,4,4.5,3.1489,/vZtteptwaNpZmdB1YwlyXOmUVw9.jpg,"In the middle of a performance of the play ""Le Cocu"", a bad boulevard comedy at a Parisian theatre, Yannick gets up and interrupts the show to take the evening back in hand.",2023-08-02,Yannick
Mandibles,,4,4,3.1444,/pdizbiLiOiV8ysYknz79VMitsfU.jpg,"When two simple-minded best friends hit the road for a strange mission, they find a giant fly trapped in the trunk of a their car.",2021-05-19,Mandibules
Redline,,3.5,4,3.122,/lE1XfidwJml7lNGi0D4KlB8uQFY.jpg,A gorgeous young automobile fanatic--and front to the hottest unsigned band on the West Coast--finds herself caught up in illegal drag-racing competitions organized by exotic car fanatics.,2007-04-13,Redline
8 Women,,1.5,2,3.036,/bJu4Gm7NQb2woPiIovrPD5jNWzf.jpg,"Eight women gather to celebrate Christmas in a snowbound cottage, only to find the family patriarch dead with a knife in his back. Trapped in the house, every woman becomes a suspect, each having her own motive and secret.",2002-02-06,8 femmes
All Your Faces,,3.5,3,2.9826,/ptJWIUOm3aA15rjz5SJJwS6WJU4.jpg,"Since 2014, France's restorative justice programmes have offered a safe space for supervised dialogue between offenders and victims. Grégoire, Nawelle, and Sabine, victims of heists and violent robberies, agree to join one of these discussion groups alongside offenders Nassim, Issa, and Thomas, all convicted of violent robberies. Meanwhile Chloé, a victim of childhood sexual abuse, prepares for dialogue with her own agressor after learning he has moved back into town.",2023-03-29,Je verrai toujours vos visages
La Jetée,,4,4,2.941,/elGidsRHXkk8UyrtLbcMhaptDyp.jpg,A man confronts his past during an experiment that attempts to find a solution to the problems of a post-apocalyptic world caused by a world war.,1962-02-16,La Jetée
Deerskin,,3.5,4,2.9297,/spb0cChTS5KcOHtVIxZPvh2RZNY.jpg,"A man's obsession with owning the designer deerskin jacket of his dreams leads him to turn his back on his humdrum life in the suburbs, blow his life savings, and even turn him to crime.",2019-06-19,Le Daim
A Scene at the Sea,,3.5,3.5,2.8807,/uSwYQjd48iXVU8KHSSV9V6QYvBd.jpg,"A deaf garbage collector happens upon a broken and discarded surfboard. The discovery plants in him dreams of becoming a surf champion. Encouraged by his also deaf girlfriend, he persists against all odds.",1991-10-19,あの夏、いちばん静かな海。
Bernie,,3.5,4,2.8665,/rW5CetooG545jpkPNpD4FjFAXfe.jpg,"In small-town Texas, affable and popular mortician Bernie Tiede strikes up a friendship with Marjorie Nugent, a wealthy widow well known for her sour attitude. When she becomes controlling and abusive, Bernie goes to great lengths to remove himself from her grasp.",2012-04-27,Bernie
The Second Act,,4,3,2.8526,/lc5ZJA4C55n6nzNtkNnDwOvpEtD.jpg,"Florence wants to introduce David, the man she’s madly in love with, to her father Guillaume. But David isn’t attracted to Florence and wants to throw her into the arms of his friend Willy. The four characters meet in a restaurant in the middle of nowhere.",2024-05-14,Le Deuxième Acte
Jodorowsky's Dune,,4.5,4.5,2.7867,/mv1zSd6P59D43iYQXs7qx01nSiX.jpg,"In 1974, Chilean-French director Alejandro Jodorowsky embarked on the quixotic project of adapting Frank Herbert's influential novel Dune (1969) for the big screen. After investing two years, and millions of dollars, the gigantic project ended in failure; but the artists Jodorowsky brought together to carry it out continued to work together, and ended up laying the foundations for modern science fiction cinema.",2013-08-30,Jodorowsky's Dune
The Little Sister,,3,4,2.7688,/gzTNITDGOjgrd3QPJfuqSYCjDls.jpg,"Fatima, 17, the youngest daughter of a French-Algerian family in a Paris suburb, leaves school for a prestigious prep class. She plays football, has a secret boyfriend, but hides that she loves women. In Paris, new freedoms clash with family tradition and faith, forcing her to find her own path.",2025-10-22,La Petite Dernière
The Exchange Student,,1,1.5,2.6137,/73lKodrSbIqVfoeApFgLUf2SeWR.jpg,"Monsieur Bosquier, the owner of a private school, is far from pleased when his eldest son, Philippe, fails his end of year exams. He decides to send his wayward offspring to England to improve his English. In exchange, Philippe’s host, a wealthy whisky distiller, Mac Farrel, will send his daughter, Shirley, to live with the Bosquiers in France. However, Philippe has already decided to spend the summer holidays on a yacht with his friends, so he sends a fellow student, Michonnet, to England in his place. The deception is soon discovered but things go from bad to worse when Philippe and Shirley fall in love and fly to Scotland to get married...",1967-12-01,Les Grandes Vacances
Interstella 5555: The 5tory of the 5ecret 5tar 5ystem,,3.5,4.5,2.6073,/n0K6mjU8aVnag2mi93FuvJsjZi.jpg,"Four talented alien musicians are kidnapped by a record producer who disguises them as humans. Shep, a space pilot in love with bass player Stella, follows them to Earth. Reprogrammed to forget their real identities and renamed The Crescendolls, the group quickly becomes a huge success playing soulless corporate pop. At a concert, Shep manages to free all the musicians except Stella, and the band sets out to rediscover who they really are — and to rescue Stella.",2003-05-28,Interstella 5555: The 5tory of the 5ecret 5tar 5ystem
OSS 117: From Africa with Love,,2,3,2.5319,/8KZun0DjBSVJtAEb7ytNKIKO0SL.jpg,"1981. Hubert Bonisseur de la Bath, aka OSS 117, is back. For this new mission – more delicate, more dangerous and more torrid than ever – he is forced to team up with a young new colleague, the promising OSS 1001.",2021-08-04,OSS 117 : Alerte rouge en Afrique noire
The Piano Accident,,3,4,2.4976,/vdfAz6tvp67G9zxONtGF2Vjrnmg.jpg,"Social media sensation Magalie, known for posting shocking content, suffers a serious accident while filming one of her videos. She retreats to the mountains, accompanied by her assistant. Her peace is disrupted when a journalist begins blackmailing her.",2025-07-02,L'Accident de Piano
Incredible But True,,3.5,4,2.4896,/yBLlwTXweDzBKgEbYz5ZVTRQaZX.jpg,Alain and Marie moved to the suburb house of their dreams. But the real estate agent warned them: what is in the basement may well change their lives forever.,2022-06-15,Incroyable mais vrai
Tickled,,4,3,2.4875,/qxUbPwyhzNEyUZYOZm6t8yYSQf.jpg,"Journalist David Farrier stumbles upon a mysterious tickling competition online. As he delves deeper he comes up against fierce resistance, but that doesn’t stop him getting to the bottom of a story stranger than fiction.",2016-05-26,Tickled
Smoking Causes Coughing,,3,2,2.4787,/7aYwL5VEzGkBvww9YFYKBPGBbRt.jpg,"After a devastating battle against a diabolical turtle, a team of five avengers — known as the ""Tobacco Force"" — is sent on a mandatory retreat to strengthen their decaying group cohesion, where they share scary stories the film depicts. Their storytelling sojourn goes wonderfully well until Lézardin, Emperor of Evil, decides to annihilate planet Earth.",2022-11-30,Fumer fait tousser
Luxo Jr.,,3.5,4,2.4677,/as8xF0wOawngZ1G3qg5gs0VQea3.jpg,"A baby lamp finds a ball to play with and it's all fun and games until the ball bursts. Just when the elder Luxo thinks his kid will settle down for a bit, Luxo Jr. finds a ball ten times bigger.",1986-08-17,Luxo Jr.
The Book of Solutions,,4,2,2.4605,/1ljGxJuIB7PVnvtEFiNSVRnfXch.jpg,"Marc, a bipolar and paranoid filmmaker, cannot tolerate seeing his current project picked apart by his producers. The clips he’s been able to sneak a look at lead him to fear the worst. With his editor as an accomplice, he manages to spirit away the rushes to his aunt’s place in the Cévennes, to finish the film as he envisions it. Instead, its completion is constantly postponed, as he creates endless diversions and impasses, which alternate between the comic and the downright disturbing.",2023-06-07,Le Livre des solutions
Escape from the 21st Century,,3,5,2.455,/6jgXcjisegB0XBzIvIiKo0aLFc.jpg,"Three friends discover that they have the power to travel back and forth 20 years with a sneeze. However, the future is not as good as they hope, and they need to take on the responsibility of saving the world.",2024-07-18,从21世纪安全撤离
"Onoda: 10,000 Nights in the Jungle",,4,3.5,2.4456,/tKzFwiEm86AVRsefgqODTBjjh98.jpg,"Japan, 1944. Trained for intelligence work, Hiroo Onoda, 22 years old, discovers a philosophy contrary to the official line: no suicide; stay alive whatever happens; the mission is more important than anything else. Sent to Lubang, a small island in the Philippines where the Americans are about to land, this role will be to wage a guerrilla war until the return of the Japanese troops. The Empire will surrender soon after; Onoda, 10,000 days later.",2021-07-21,"Onoda, 10 000 nuits dans la jungle"
Kaamelott: The First Chapter,,1,2,2.4372,/hfq2Wgm86DeXGxcBrrpk9EShAZ8.jpg,"Hidden in Rome, King Arthur is planning his return to oppose the army of his former friend Lancelot.",2021-07-21,Kaamelott : Premier Volet
Searching for Sugar Man,,3.5,4,2.4233,/ucM98HuBHSWmn44oiE83hIDc6VB.jpg,"Two South Africans set out to discover what happened to their unlikely musical hero, the mysterious 1970s rock 'n' roller, Rodriguez.",2012-06-30,Searching for Sugar Man
Bad Taste,,3.5,4,2.3842,/msttMX3undIiaeJLZbMRq94v1bw.jpg,"A team from the intergalactic fast food chain Crumb's Crunchy Delights descends on Earth, planning to make human flesh the newest taste sensation. After they wipe out the New Zealand town Kaihoro, the country’s Astro-Investigation and Defense Service (AIaDS) is called in to deal with the problem. Things are complicated due to Giles, an aid worker who comes to Kaihoro the same day to collect change from the residents. He is captured by the aliens, and AIaDS stages a rescue mission that quickly becomes an all-out assault on the aliens’ headquarters.",1987-12-11,Bad Taste
Grand Paris,,3.5,3.5,2.35,/zIqs0UnlILWV7ODxwewN1XogDPg.jpg,"Leslie, a young and idle suburbanite, drags his best friend Fox into a shady scheme across the Île-de-France. On a construction site for the future metro line of the Grand Paris, they discover a mysterious artefact. Another opportunity to make a little money. But along their journey, the Parisian suburbs become the scene of strange phenomena.",2023-03-29,Grand Paris
Yoroï,,2.5,4,2.2659,/39DriTpvzihb8OYuL039IGPWNZ7.jpg,"After a gruelling final tour, Aurélien decides to settle in Japan with his wife Nanako, who is pregnant with their first child. As the young couple move into a traditional house in the Japanese countryside, Aurélien discovers an ancient suit of armour in a well, which is about to awaken strange creatures known as Yokaïs.",2025-10-29,Yoroï
Animal Crossing: The Movie,,4,4,2.2077,/AaGG41JN1mfQXUXFPxDINFDIJQ9.jpg,"Ai, a self-reliant girl who moves to Animal Village and works at Nook's Cranny, gradually becomes part of the community with guidance from its residents and embarks on a quest to plant pine trees for a Winter Festival miracle after finding a message in a bottle.",2006-12-16,どうぶつの森
Ménage,,3,4,2.1711,/3BYCKoekoV93YnkLB1of4D8gVTN.jpg,A bisexual petty criminal named Bob encounters a married couple arguing in a bar. Bob breaks up the fight and proceeds to seduce first the wife and then the husband. Then Bob teaches the couple how to be burglars and they join him in his criminal exploits.,1986-04-23,Tenue de soirée
Grave of the Fireflies,,3.5,4,2.109,/im6u58cPa9HlH5DqSnZGy0O37l5.jpg,"Hisako loses her home in Tokyo to Allied bombing. With her husband fighting somewhere in Asia, she and her two children evacuate to a suburb of Kobe, where they share a house with Hisako's cousin, Kyoko. Kobe is bombed and Kyoko is killed. Hisako is forced to take care of Kyoko's two children in addition to her own, but there is not enough food for everyone.",2005-11-01,火垂るの墓
Je Tu Il Elle,,3.5,3.5,2.1012,/4arnTs41WSLWsnENWdljFKo0pu1.jpg,A woman suffers a subdued psychological breakdown in the wake of a devastating breakup.,1974-11-19,"Je, tu, il, elle"
Leave One Day,,3,4,2.0991,/txzzgq2Rviv2Ljxnbh9Fy6gfDId.jpg,"Cécile is about to open her own gourmet restaurant, finally making her dream come true, when suddenly her father has a heart attack and she is called back to the village where she was born. Far from the hubbub of Paris life, she runs into her teenage crush. The memories come flooding back, destabilizing her certainties.",2025-05-13,Partir un jour
The Gleaners and I,,3.5,3.5,2.0915,/6IdCTKi4Eu7i897jpe59wIDGCri.jpg,"Varda focuses her eye on gleaners: those who scour already-reaped fields for the odd potato or turnip. Her investigation leads from forgotten corners of the French countryside to off-hours at the green markets of Paris, following those who insist on finding a use for that which society has cast off, whether out of necessity or activism.",2000-07-07,Les Glaneurs et la Glaneuse
Showing Up,,4,4.5,2.0253,/7zAyL6JBqP2ebVxTMqsQ2cL3dfg.jpg,"An unprecedented look at the audition, compiled from more than 50 interviews with notable artists including Kristin Chenoweth, Richard Griffiths, Zoe Kazan, Nathan Lane, Chris Messina, Sam Rockwell and Eli Wallach.",2014-02-25,Showing Up
Meet the Leroys,,2.5,3,1.9312,/8s3Wkt7V96yLOqLMbYUsxG5H49w.jpg,A man takes his wife and their teenage children on a road trip down memory lane while facing divorce.,2024-04-10,"Nous, les Leroy"
Love Is Overrated,,3,,1.9273,/8gbHgEfP8h64HrW3mXpurirbZLC.jpg,"Diagnosed «crap with girls» by his friends, Anis’ love life has barely a pulse. Three years after the loss of Isma, his best friend and mentor, Anis takes his courage in both hands and decides finally to get out and meet people again. And the person he meets is Madeleine. Thinking she’s way out of his league, Anis gets tangled in a web of silly lies trying to impress her. But something huge is about to start. An unexpected thing. A thing called love.",2025-04-23,L'Amour c'est surcoté
Daaaaaalí!,,3,1.5,1.8244,/cKMiUOT5rSWt7AJOhStuBpVeIUQ.jpg,A young French journalist repeatedly meets iconic surrealist artist Salvador Dalí for a documentary project that never came to be.,2024-02-07,Daaaaaalí !
"Bon Voyage, Marie",,3.5,4,1.8185,/aKeBqIoBGtXUuWc2RkZdUPVuoyc.jpg,"An unexpected road trip brings a dysfunctional family together for one last journey with their elder, sparking moments of connection, joy, and reconciliation.",2025-03-12,On ira
McWalter,,2,2,1.8169,/mCpkLB39ZOaQMWJcAuYYdhZYe8Y.jpg,"McWalter, a legendary American elite agent, is falsely accused of a series of attacks all around the globe. Determined to clear his name, he goes on the run to solve the mystery, thwart a earthwise conspiracy, and save the world…",2025-09-12,McWalter
Steak,,3.5,3.5,1.6536,/IugtyTSEBusqT9F8nIcc3tD6hN.jpg,"George is the scapegoat of his classmates. One day he cracks and shoots them. His best and only friend Blaise is accused in his place and sentenced to 7 years in a psychiatric hospital. At the day of his release, Blaise realizes he only has one family: his best friend George. But he does not want to hear about his childhood friend, as he tries to integrate with the “Chivers” a gang whose members wear red jackets and boots, drink milk, drive sport trucks and play an incomprehensible and violent game that mixes cricket and mental arithmetic.",2007-06-20,Steak
The Outsider,,2.5,4,1.6199,/4WLKqsfofOe65BiAxUNLuCC7hC3.jpg,"Nicholas Jarecki follows director James Toback on the 12-day shoot of his thriller, When Will I Be Loved -- a movie made without a script or distribution deal.",2005-12-04,The Outsider
Infested,,3.5,4,1.617,/vopnye2ckkJFQCeoMp3BSB7mPJn.jpg,Horror tale of insects which eat their victims from the inside out.,2002-10-18,Infested
TRENTE,,1,0.5,1.5719,/387z6JS94ra3DYYo5oTjRWtfbbK.jpg,An intimate documentary exploring the transition into one's thirties-a time of questioning in a world evolving faster than the one we grew up in. Seb discovers old footage from his youth and confronts past dreams with present reality.,2026-05-18,TRENTE
Final Cut,,3.5,4,1.5148,/ckeyOoyGjcnsEoCXdMPOFW5Rzd7.jpg,"A group of friends gather for a wake, and are shown a video shot by Jude and starring them before he dies. Things go rapidly downhill.",1998-11-13,Final Cut
News from Home,,3,3.5,1.4715,/nWqWaEySdo8hAKJsd1IS9mdnZpF.jpg,"Impersonal and beautiful images of Akerman's life in New York are combined with letters from her loving but manipulative mother, read by Akerman herself.",1977-05-20,News from Home
Serial Driver,,4,4,1.4674,/cUG0fuNLXnFBEweGs8of38KtXlw.jpg,"Pauline has her own way of doing road safety: as a trainer in a point recovery center during the day, she becomes a serial killer of drivers at night.",2023-03-29,Bonne Conduite
Junior,,3,2.5,1.4083,/4tRF43CbEYHmV8VywkbikQwATB8.jpg,A pimple-faced 13-year-old tomboy starts morphing in bizarre ways after catching stomach flu.,2011-05-16,Junior
Plastic Guns,,3.5,4,1.2953,/tp6mfbXQ5zxM6oCx5CcINPfAeFI.jpg,"During a trip to Denmark, a man is arrested and accused of murdering his wife and three children. Though maintaining his innocence, he remains jailed as police investigate.",2024-06-26,Les Pistolets en plastique
Junkyard Dog,,3.5,4,1.0682,/qiUdg0hiJYoajx3NM2eMd6LLLRa.jpg,A gritty psychological-horror-thriller that delves the demented mind of a cannibalistic serial rapist who kidnaps his tenth victim in as many months on Halloween night.,2009-08-09,Junkyard Dog
Making Of,,3.5,4,1.0573,/og0Y3anUf4joEWUssK7yWFgyDl8.jpg,"The plot develops with real and funny moments that are experienced when making Guatemalan cinema, revealing the reality of art in the country.",2023-03-02,Making Of: Un Detrás de Cámaras
"Not Seen, Not Caught",,4,4.5,1.0398,/7Lt4X56DQgd6bqyWxymryUJAvu7.jpg,"On April 2, 1995, the television channel Canal+ censored the documentary ""Pas vu à la télé"" (Not Seen on TV), directed by Pierre Carles, which had been commissioned a few weeks earlier by the program director, Alain de Greef. ""Pas vu à la télé"" was slated to be featured in Canal+'s ""TV Day"" segment, under the heading ""Television, Power, Morality."" Carles recounted this censorship in the feature film ""Pas vu pas pris"" (Not Seen, Not Caught), released in theaters on November 18, 1998. It drew over 160,000 viewers. Eighteen years later, ""Pas vu à la télé"" remains unaired on French television. As for ""Pas vu, pas pris,"" it has still not been broadcast on French television. However, it has been shown on television in Belgium, Quebec, and Switzerland. Since then, nine billionaires now control more than 80% of the media in France, while eleven of them account for 57% of the television audience.",1998-11-18,"Pas vu, Pas pris"
La Tour 2 contrôle infernale,,3,4.5,1.034,/nIuTXKeLs4COxzRS0PzOuUnkTZO.jpg,"Ernest Krakenkrick and Bachir Bouzouk are about to become pilots in the French army. But after the bad consequences of a test undertaken with the centrifuge, they are forced to give up their dream. They are eventually given the position of baggage handler at Orly-West Airport in Paris. But one night, there is a hostage-taking in the airport and the ""Moustachious"", a group of terrorists, take hold of the control tower.",2016-02-10,La Tour 2 contrôle infernale
Fake News,,3,3,0.9813,/9XDVL9DTEzjTOPEDhraHpgrcewg.jpg,"A couple have a conversation about a potential move to the States, whilst the news regarding an escalating twitter-war amongst politicians keeps interrupting them.",,FAKE NEWS
Hard Corner: Le Film,,1.5,1,0.9565,/lTrrlTanFwTtq5cH3iGzlCCQft.jpg,,2014-04-01,Hard Corner: Le Film
The Wannabes,,4,4,0.8793,/gxZkf4urw3h2DH3dS3nFzDxCbxX.jpg,"The world's worst actor Danny, meets the world's worst crook Marcus and their lives are changed forever...",2003-09-25,The Wannabes
The Speech,,3,4,0.8101,/3yxzrp4HZeUiewRN0i3r2nwISsm.jpg,"May 2003, Beijing, China. Under the pressure of WHO, the Chinese government announced that the SARS (Severe acute respiratory syndrome) outbreak is real. The city is closed. Most students have been sent home. During a lock down inside a private boarding school, three eight-year-old girls have to find a way to make sense of the world.",2020-10-17,黄真真的演讲
Not Very Normal Activities,,1,1,0.7473,/49uCkXL7OrU3GM040cAKPJGiLtO.jpg,"An isolated house, a young couple, a perverted videographer, a mute. All of which leads to normal activities... but not quite! A parody of Paranormal Activity.",2013-01-29,Pas Très Normales Activités
