Date,Name,Year,Letterboxd URI
2025-01-10,Meet the Leroys,2024,https://boxd.it/Ar6Q
2025-01-10,Memory,2023,https://boxd.it/AZ9O
2025-01-10,The Zone of Interest,2023,https://boxd.it/gJsA
2025-01-10,The Room Next Door,2024,https://boxd.it/Fb4k
2025-01-10,How to Make a Killing,2024,https://boxd.it/JWI0
2025-01-10,Totto-chan: The Little Girl at the Window,2023,https://boxd.it/FSts
2025-01-10,Youth (Spring),2023,https://boxd.it/hMzc
2025-01-10,The Ant Bully,2006,https://boxd.it/1XyM
2025-01-10,Bird,2024,https://boxd.it/GGhm
2025-01-10,Man in Black,2023,https://boxd.it/G0jU
2025-01-10,A Close Shave,1995,https://boxd.it/2aca
2025-01-10,Wallace & Gromit: The Curse of the Were-Rabbit,2005,https://boxd.it/2ac0
2025-01-10,A Matter of Loaf and Death,2008,https://boxd.it/1O4S
2025-01-10,Wallace & Gromit: Vengeance Most Fowl,2024,https://boxd.it/z14C
2025-01-10,The Wrong Trousers,1993,https://boxd.it/2ack
2025-01-10,A Grand Day Out,1989,https://boxd.it/2acu
2025-01-10,I Can't Sleep,1994,https://boxd.it/uu
2025-01-10,Firebrand,2023,https://boxd.it/w0SA
2025-01-10,All of Us Strangers,2023,https://boxd.it/Bz3C
2025-01-10,Knit's Island,2023,https://boxd.it/FVze
2025-01-10,38°5 quai des Orfèvres,2023,https://boxd.it/Acfy
2025-01-10,Encounters at the End of the World,2007,https://boxd.it/1SmQ
2025-01-10,The Peasants,2023,https://boxd.it/rwWa
2025-01-10,My Sunshine,2024,https://boxd.it/Mjfa
2025-01-10,"Belphegor, Phantom of the Louvre",2001,https://boxd.it/1bQo
2025-01-10,Trap,2024,https://boxd.it/D4nK
2025-01-10,The Sweet East,2023,https://boxd.it/CcHw
2025-01-10,Sidonie in Japan,2023,https://boxd.it/BYbQ
2025-01-10,The Fire Within: A Requiem for Katia and Maurice Krafft,2022,https://boxd.it/AUFg
2025-01-10,Striking The Palace,2024,https://boxd.it/AWDm
2025-01-10,Father,1966,https://boxd.it/WcS
2025-01-10,Saint-Exupéry,2024,https://boxd.it/DZk4
2025-01-10,Jim's Story,2024,https://boxd.it/FJla
2025-01-10,TMNT,2007,https://boxd.it/28Xo
2025-01-10,Eternal Playground,2024,https://boxd.it/KNLQ
2025-01-10,Here,2024,https://boxd.it/zscS
2025-01-10,The Lord of the Rings: The War of the Rohirrim,2024,https://boxd.it/vDNs
2025-01-10,Challengers,2024,https://boxd.it/zld0
2025-01-10,Holy Cow,2024,https://boxd.it/EPbI
2025-01-10,Being Blanche Houellebecq,2024,https://boxd.it/DvCC
2025-01-10,Queens of Drama,2024,https://boxd.it/BQQQ
2025-01-10,Elektra,2005,https://boxd.it/1XsE
2025-01-10,Enough is Enough!,2024,https://boxd.it/HklI
2025-01-10,Limonov: The Ballad,2024,https://boxd.it/hQXC
2025-01-10,Wicked,2024,https://boxd.it/e8ME
2025-01-10,Ghost Cat Anzu,2024,https://boxd.it/CYvI
2025-01-10,Casshern,2004,https://boxd.it/1TiK
2025-01-10,I Saw the TV Glow,2024,https://boxd.it/woVe
2025-01-10,Mononoke the Movie: The Phantom in the Rain,2024,https://boxd.it/BoNE
2025-01-10,Conclave,2024,https://boxd.it/AO8q
2025-01-10,And Their Children After Them,2024,https://boxd.it/FLcE
2025-01-10,The Marching Band,2024,https://boxd.it/BPIQ
2025-01-10,Animale,2024,https://boxd.it/CBgg
2025-01-10,A Little Something Extra,2024,https://boxd.it/HzIM
2025-01-10,Moving,1993,https://boxd.it/3RcO
2025-01-10,The Most Precious of Cargoes,2024,https://boxd.it/vMSc
2025-01-10,Wild Diamond,2024,https://boxd.it/FY2s
2025-01-10,Scooby-Doo,2002,https://boxd.it/1YaQ
2025-01-10,The Kingdom,2024,https://boxd.it/EPbS
2025-01-10,If Only I Could Hibernate,2023,https://boxd.it/Bhzq
2025-01-10,Alibi.com,2017,https://boxd.it/dYIi
2025-01-10,Les Municipaux : Trop c'est trop,2019,https://boxd.it/mFMo
2025-01-10,Hundreds of Beavers,2022,https://boxd.it/CyUM
2025-01-10,Gladiator II,2024,https://boxd.it/kqQQ
2025-01-10,The Man Who Shot Liberty Valance,1962,https://boxd.it/1Tdg
2025-01-10,Graveyard of Honor,1975,https://boxd.it/2pVa
2025-01-10,Street Mobster,1972,https://boxd.it/1BBY
2025-01-10,Planet Terror,2007,https://boxd.it/27Gw
2025-01-10,The Suckling,1990,https://boxd.it/2Vsk
2025-01-10,Urusei Yatsura: Beautiful Dreamer,1984,https://boxd.it/T8o
2025-01-10,Urusei Yatsura: Only You,1983,https://boxd.it/4K7a
2025-01-10,Robin Hood: The True Story,2015,https://boxd.it/aBws
2025-01-10,Pup Star: Better 2Gether,2017,https://boxd.it/gQdM
2025-01-10,Free Fall,2014,https://boxd.it/8Ssy
2025-01-10,Three Kilometres to the End of the World,2024,https://boxd.it/MKnU
2025-01-10,Flow,2024,https://boxd.it/v1Ei
2025-01-10,Juror #2,2024,https://boxd.it/FRwU
2025-01-10,The Wild Robot,2024,https://boxd.it/IWFy
2025-01-10,Nosferatu,1922,https://boxd.it/29TM
2025-01-10,Anora,2024,https://boxd.it/Egcw
2025-01-10,Family Pack,2024,https://boxd.it/Fhmu
2025-01-10,The Day of the Crows,2012,https://boxd.it/4pHw
2025-01-10,The Potemkinists,2022,https://boxd.it/Az0Q
2025-01-10,One Piece Fan Letter,2024,https://boxd.it/R0Eq
2025-01-10,Story of Judas,2015,https://boxd.it/ayQ0
2025-01-10,Vidocq,2001,https://boxd.it/1Yhi
2025-01-10,Robot Holocaust,1986,https://boxd.it/2Zcq
2025-01-10,Transformers One,2024,https://boxd.it/q7bc
2025-01-10,Do Not Expect Too Much from the End of the World,2023,https://boxd.it/zkHI
2025-01-10,Pup Star,2016,https://boxd.it/ezvA
2025-01-10,Devil Story,1986,https://boxd.it/2zJy
2025-01-10,Solange And The Living,2016,https://boxd.it/durw
2025-01-10,Beating Hearts,2024,https://boxd.it/AeF4
2025-01-10,Misericordia,2024,https://boxd.it/Efxy
2025-01-10,Savages,2024,https://boxd.it/lGeU
2025-01-10,Samurai III: Duel at Ganryu Island,1956,https://boxd.it/1jeM
2025-01-10,Samurai II: Duel at Ichijoji Temple,1955,https://boxd.it/1jf6
2025-01-10,Borderlands,2024,https://boxd.it/cDme
2025-01-10,Knives Out,2019,https://boxd.it/jWEA
2025-01-10,The Apprentice,2024,https://boxd.it/IPqG
2025-01-10,Samurai I: Musashi Miyamoto,1954,https://boxd.it/1jfg
2025-01-10,Joker: Folie à Deux,2024,https://boxd.it/xBoE
2025-01-10,Humanist Vampire Seeking Consenting Suicidal Person,2023,https://boxd.it/Blzk
2025-01-10,All We Imagine as Light,2024,https://boxd.it/yXaQ
2025-01-10,And What Is the Summer Saying?,2018,https://boxd.it/ifL2
2025-01-10,Afternoon Clouds,2017,https://boxd.it/gxxS
2025-01-10,The Last Mango Before the Monsoon,2015,https://boxd.it/bjNi
2025-01-10,"Watermelon, Fish and Half Ghost",2014,https://boxd.it/mReS
2025-01-10,"Maya, Give Me a Title",2024,https://boxd.it/M1HK
2025-01-10,Wolfs,2024,https://boxd.it/x6zG
2025-01-10,The Meetings of Anna,1978,https://boxd.it/3gEG
2025-01-10,Je Tu Il Elle,1974,https://boxd.it/3gWK
2025-01-10,Saute ma ville,1968,https://boxd.it/FXW
2025-01-10,Howl's Moving Castle,2004,https://boxd.it/23De
2025-01-10,News from Home,1976,https://boxd.it/34TO
2025-01-10,Youth Without Youth,2007,https://boxd.it/20Oe
2025-01-10,Toute une nuit,1982,https://boxd.it/9oA
2025-01-10,Megalopolis,2024,https://boxd.it/lPBS
2025-01-10,Rebel Ridge,2024,https://boxd.it/nZum
2025-01-10,The Seed of the Sacred Fig,2024,https://boxd.it/MKo4
2025-01-10,Golo & Ritchie,2024,https://boxd.it/NfWc
2025-01-10,Green Room,2015,https://boxd.it/a75m
2025-01-10,Look Back,2024,https://boxd.it/LjA6
2025-01-10,Dahomey,2024,https://boxd.it/FFBI
2025-01-10,"No Chains, No Masters",2024,https://boxd.it/GBM0
2025-01-10,Sleepwalkers,2011,https://boxd.it/iIN2
2025-01-10,The Day of My Death,2006,https://boxd.it/hYxC
2025-01-10,Les Apaches,2013,https://boxd.it/5LBi
2025-01-10,Dracula Untold,2014,https://boxd.it/H4u
2025-01-10,Tatami,2023,https://boxd.it/F0qE
2025-01-10,Dog on Trial,2024,https://boxd.it/DZjq
2025-01-10,Blue Ruin,2013,https://boxd.it/5H8G
2025-01-10,Civil War,2024,https://boxd.it/z1jW
2025-01-10,In His Own Image,2024,https://boxd.it/BNSY
2025-01-10,Kingdom of Heaven,2005,https://boxd.it/28Gs
2025-01-10,The Lord of the Rings: The Return of the King,2003,https://boxd.it/2b5u
2025-01-10,Borgo,2023,https://boxd.it/Book
2025-01-10,The Lord of the Rings: The Two Towers,2002,https://boxd.it/2b5E
2025-01-10,Catwoman,2004,https://boxd.it/2aBY
2025-01-10,The Lord of the Rings: The Fellowship of the Ring,2001,https://boxd.it/2b5O
2025-01-10,The Frighteners,1996,https://boxd.it/1Vq2
2025-01-10,The Lower Depths,1957,https://boxd.it/1sWo
2025-01-10,Forgotten Silver,1995,https://boxd.it/1h88
2025-01-10,Night Call,2024,https://boxd.it/BQBw
2025-01-10,Heavenly Creatures,1994,https://boxd.it/2974
2025-01-10,Stray Dog,1949,https://boxd.it/1ltu
2025-01-10,The Shaggy Dog,2006,https://boxd.it/1XaK
2025-01-10,Ikiru,1952,https://boxd.it/251c
2025-01-10,The Bad Sleep Well,1960,https://boxd.it/1iLA
2025-01-10,Emilia Pérez,2024,https://boxd.it/AP3G
2025-01-10,Alien: Romulus,2024,https://boxd.it/zGqO
2025-01-10,Medieval,2022,https://boxd.it/k9j6
2025-01-10,Jeff Panacloc : À la poursuite de Jean-Marc,2023,https://boxd.it/BOXK
2025-01-10,Twilight of the Warriors: Walled In,2024,https://boxd.it/yNla
2025-01-10,Aliens vs Predator: Requiem,2007,https://boxd.it/2ans
2025-01-10,The City of Lost Children,1995,https://boxd.it/29k8
2025-01-10,AVP: Alien vs. Predator,2004,https://boxd.it/2atU
2025-01-10,Cat and Dog,2024,https://boxd.it/AUGe
2025-01-10,The Instigators,2024,https://boxd.it/E4jA
2025-01-10,Willy's Wonderland,2021,https://boxd.it/nTcG
2025-01-10,Les secrets de la princesse de Cadignan,2023,https://boxd.it/DkGy
2025-01-10,Alien: Covenant,2017,https://boxd.it/49UY
2025-01-10,Prometheus,2012,https://boxd.it/2s9e
2025-01-10,Alien Crystal Palace,2018,https://boxd.it/jRn0
2025-01-10,Alien Resurrection,1997,https://boxd.it/20zI
2025-01-10,Alien³,1992,https://boxd.it/20zS
2025-01-10,Spirited Away,2001,https://boxd.it/2b4m
2025-01-10,MaXXXine,2024,https://boxd.it/CIM4
2025-01-10,Pearl,2022,https://boxd.it/zPbe
2025-01-10,Armageddon Time,2022,https://boxd.it/mLRk
2025-01-10,X,2022,https://boxd.it/sxVa
2025-01-10,The Ministry of Ungentlemanly Warfare,2024,https://boxd.it/u5zu
2025-01-10,Yamabuki,2022,https://boxd.it/yOdw
2025-01-10,Twisters,2024,https://boxd.it/qV7a
2025-01-10,Cineman,2009,https://boxd.it/1e4C
2025-01-10,"Les Municipaux, ces héros",2018,https://boxd.it/i2jk
2025-01-10,Mad Fate,2023,https://boxd.it/ABnC
2025-01-10,Eat the Night,2024,https://boxd.it/LAeG
2025-01-10,Santosh,2024,https://boxd.it/KRli
2025-01-10,Sons,2024,https://boxd.it/G6Nc
2025-01-10,Napoleon,1927,https://boxd.it/WEC
2025-01-10,Elyas,2024,https://boxd.it/HFeI
2025-01-10,Creation of the Gods I: Kingdom of Storms,2023,https://boxd.it/wllM
2025-01-10,Twixt,2011,https://boxd.it/2IFU
2025-01-10,Only the River Flows,2023,https://boxd.it/GbWS
2025-01-10,The Imaginary,2023,https://boxd.it/ynVc
2025-01-10,Ghost Trail,2024,https://boxd.it/BQDs
2025-01-10,Jack,1996,https://boxd.it/21au
2025-01-10,The Outsiders,1983,https://boxd.it/2aPw
2025-01-10,Tetro,2009,https://boxd.it/1SKy
2025-01-10,Under Paris,2024,https://boxd.it/BQFe
2025-01-10,Meanwhile on Earth,2024,https://boxd.it/BQ5K
2025-01-10,The Nest,2002,https://boxd.it/1AYM
2025-01-10,Plastic Guns,2024,https://boxd.it/BPJY
2025-01-10,The Monk and the Gun,2023,https://boxd.it/G0jK
2025-01-10,Kinds of Kindness,2024,https://boxd.it/CWPw
2025-01-10,The Count of Monte Cristo,2024,https://boxd.it/F1Nk
2025-01-10,Away,2019,https://boxd.it/m1xI
2025-01-10,The Edge of the Blade,2023,https://boxd.it/AfEc
2025-01-10,The Successor,2023,https://boxd.it/Ez5u
2025-01-10,The Bikeriders,2023,https://boxd.it/C6Ym
2025-01-10,Inside Out 2,2024,https://boxd.it/CFrC
2025-01-10,Phantasm,1979,https://boxd.it/1YaG
2025-01-10,Adagio,2023,https://boxd.it/CE5U
2025-01-10,Hit Man,2023,https://boxd.it/ANB2
2025-01-10,Love Lies Bleeding,2024,https://boxd.it/zN4q
2025-01-10,When the Waves Are Gone,2022,https://boxd.it/nTGG
2025-01-10,It's Not Me,2024,https://boxd.it/GZec
2025-01-10,Blue Giant,2023,https://boxd.it/xwJW
2025-01-10,The Rainmaker,1997,https://boxd.it/1SD8
2025-01-10,"The Tunnel to Summer, the Exit of Goodbyes",2022,https://boxd.it/yvCM
2025-01-10,Chicken Run: Dawn of the Nugget,2023,https://boxd.it/iTww
2025-01-10,The Toxic Avenger,1984,https://boxd.it/1MAi
2025-01-10,Cholera,2013,https://boxd.it/9qca
2025-01-10,Advantages of Travelling by Train,2019,https://boxd.it/lDUS
2025-01-10,Happy Feet Two,2011,https://boxd.it/2Om
2025-01-10,Happy Feet,2006,https://boxd.it/1XH0
2025-01-10,The Greasy Strangler,2016,https://boxd.it/anX0
2025-01-10,The Pyramid,2014,https://boxd.it/8Jmm
2025-01-10,Bram Stoker's Dracula,1992,https://boxd.it/223a
2025-01-10,Lorenzo's Oil,1992,https://boxd.it/27Eg
2025-01-10,Incantation,2022,https://boxd.it/wFiI
2025-01-10,The Witches of Eastwick,1987,https://boxd.it/2272
2025-01-10,"Oh, Canada",2024,https://boxd.it/G7TU
2025-01-10,Just Remembering,2021,https://boxd.it/xacm
2025-01-10,Me Too,2024,https://boxd.it/N5Hm
2025-01-10,Tucker: The Man and His Dream,1988,https://boxd.it/1q4u
2025-01-10,The Concierge,2023,https://boxd.it/Gh06
2025-01-10,Babe: Pig in the City,1998,https://boxd.it/1YEQ
2025-01-10,Wish,2023,https://boxd.it/CFtS
2025-01-10,Sentinelle,2023,https://boxd.it/BNQe
2025-01-10,Furiosa: A Mad Max Saga,2024,https://boxd.it/tABk
2025-01-10,Mad Max: Fury Road,2015,https://boxd.it/2DjO
2025-01-10,Babe,1995,https://boxd.it/1Yh8
2025-01-10,Mad Max Beyond Thunderdome,1985,https://boxd.it/1YTm
2025-01-10,Mad Max 2,1981,https://boxd.it/1ZPg
2025-01-10,Chime,2024,https://boxd.it/KiS2
2025-01-10,The Fantastic Three,2023,https://boxd.it/B98Q
2025-01-10,Mad Max,1979,https://boxd.it/1Y7i
2025-01-10,Gardens of Stone,1987,https://boxd.it/1pKu
2025-01-10,Nonfilm 2,2002,https://boxd.it/ck4A
2025-01-10,Nonfilm,2002,https://boxd.it/2MLM
2025-01-10,Dementia 13,1963,https://boxd.it/1prs
2025-01-10,Thoroughbreds,2017,https://boxd.it/dVHQ
2025-01-10,A Silence,2023,https://boxd.it/Al3m
2025-01-10,The Second Act,2024,https://boxd.it/HW9q
2025-01-10,Evil Does Not Exist,2023,https://boxd.it/HJrc
2025-01-10,Attack of the Crab Monsters,1957,https://boxd.it/1sPi
2025-01-10,Mondays: See You 'This' Week!,2022,https://boxd.it/Dn0K
2025-01-10,The Cotton Club,1984,https://boxd.it/27kK
2025-01-10,Peggy Sue Got Married,1986,https://boxd.it/1XiO
2025-01-10,Upon Entry,2022,https://boxd.it/DMP4
2025-01-10,Home on the Range,2004,https://boxd.it/1PB4
2025-01-10,Valiant,2005,https://boxd.it/1OBM
2025-01-10,Rumble Fish,1983,https://boxd.it/2aOI
2025-01-10,The Fall Guy,2024,https://boxd.it/s0Bm
2025-01-10,The Dead Don't Hurt,2023,https://boxd.it/D30A
2025-01-10,The Karate Dog,2004,https://boxd.it/Xeq
2025-01-10,One from the Heart,1982,https://boxd.it/ZJq
2025-01-10,Infested,2023,https://boxd.it/Egl4
2025-01-10,City of Wind,2023,https://boxd.it/rnEm
2025-01-10,The Conversation,1974,https://boxd.it/2a38
2025-01-10,Summer Games,1995,https://boxd.it/si54
2025-01-10,Dragonball Evolution,2009,https://boxd.it/1ODy
2025-01-10,Deep Sea,2023,https://boxd.it/oRIs
2025-01-10,Monkey Man,2024,https://boxd.it/kvsO
2025-01-10,The Rain People,1969,https://boxd.it/iya
2025-01-10,Antz,1998,https://boxd.it/1ZB4
2025-01-10,Suddenly,2023,https://boxd.it/vPeO
2025-01-10,La Chimera,2023,https://boxd.it/vzVi
2025-01-10,Super Buddies,2013,https://boxd.it/4JMw
2025-01-10,Cop Land,1997,https://boxd.it/27ly
2025-01-10,Bee Movie,2007,https://boxd.it/22Vw
2025-01-10,Boy & the World,2013,https://boxd.it/6CM4
2025-01-10,Mirror,1975,https://boxd.it/28Q8
2025-01-10,Wasabi,2001,https://boxd.it/27pK
2025-01-10,Marmaduke,2010,https://boxd.it/15GW
2025-01-10,Days of Thunder,1990,https://boxd.it/27os
2025-01-10,The Voiceless,2020,https://boxd.it/qSts
2025-01-10,48 Hrs.,1982,https://boxd.it/2b18
2025-01-10,Surf's Up,2007,https://boxd.it/1YKY
2025-01-10,Shark Tale,2004,https://boxd.it/1VYe
2025-01-10,A Christmas Carol,2009,https://boxd.it/1HKW
2025-01-10,Chicken Little,2005,https://boxd.it/1Xnu
2025-01-10,Showing Up,2022,https://boxd.it/tJ1q
2025-01-10,The Wild,2006,https://boxd.it/1Xz6
2025-01-10,Kim Possible,2019,https://boxd.it/iT6y
2025-01-10,Death Warrant,1990,https://boxd.it/1IDC
2025-01-10,Spooky Buddies,2011,https://boxd.it/2t9E
2025-01-10,Ferrari,2023,https://boxd.it/cEtq
2025-01-10,Wendy and Lucy,2008,https://boxd.it/1Zx2
2025-01-10,Love Life,2022,https://boxd.it/yXzm
2025-01-10,Tokyo Gore Police,2008,https://boxd.it/1KUq
2025-01-10,Kickboxer,1989,https://boxd.it/1WMy
2025-01-10,American Fiction,2023,https://boxd.it/DYHm
2025-01-10,Cyborg,1989,https://boxd.it/1X0q
2025-01-10,The House That Dripped Blood,1971,https://boxd.it/146o
2025-01-10,Space Buddies,2009,https://boxd.it/1NsO
2025-01-10,Good Will Hunting,1997,https://boxd.it/2ahY
2025-01-10,OSS 117: Lost in Rio,2009,https://boxd.it/1LVu
2025-01-10,Lu Over the Wall,2017,https://boxd.it/ftYy
2025-01-10,The Breakfast Club,1985,https://boxd.it/27q4
2025-01-10,Once Upon a Time in the West,1968,https://boxd.it/2az4
2025-01-10,Seven Samurai,1954,https://boxd.it/2axi
2025-01-10,The Royal Tenenbaums,2001,https://boxd.it/1YHU
2025-01-10,Whiplash,2014,https://boxd.it/7bQA
2025-01-10,Reservoir Dogs,1992,https://boxd.it/2agc
2025-01-10,The Hateful Eight,2015,https://boxd.it/8gw8
2025-01-10,The Shawshank Redemption,1994,https://boxd.it/2aHi
2025-01-10,Forrest Gump,1994,https://boxd.it/728
2025-01-10,Bloodsport,1988,https://boxd.it/1Tee
2025-01-10,"Goodbye, Dragon Inn",2003,https://boxd.it/oFG
2025-01-10,Batman Forever,1995,https://boxd.it/2ara
2025-01-10,Spy Kids: All the Time in the World,2011,https://boxd.it/ptm
2025-01-10,Terra Formars,2016,https://boxd.it/aO84
2025-01-10,The Iron Claw,2023,https://boxd.it/w5Pm
2025-01-10,A Man,2022,https://boxd.it/wOeU
2025-01-10,Arthur: Malediction,2022,https://boxd.it/A4Gw
2025-01-10,Puss in Boots: The Last Wish,2022,https://boxd.it/aaie
2025-01-10,The Big Boss,1971,https://boxd.it/1RU8
2025-01-10,Arthur 3: The War of the Two Worlds,2010,https://boxd.it/VFO
2025-01-10,Arthur and the Revenge of Maltazard,2009,https://boxd.it/1tKI
2025-01-10,Dangerous Encounters of the First Kind,1980,https://boxd.it/3xOy
2025-01-10,The End of Summer,1961,https://boxd.it/2lkO
2025-01-10,Bertrand's Farm,2023,https://boxd.it/Jzkk
2025-01-10,Arthur and the Invisibles,2006,https://boxd.it/1Xm2
2025-01-10,Orion and the Dark,2024,https://boxd.it/H2TW
2025-01-10,My Neighbor Totoro,1988,https://boxd.it/20eA
2025-01-10,Red Rooms,2023,https://boxd.it/ym4c
2025-01-10,Daaaaaalí!,2023,https://boxd.it/DzQe
2025-01-10,The Spiderwick Chronicles,2008,https://boxd.it/20v2
2025-01-10,Casper,1995,https://boxd.it/1ZMw
2025-01-10,A Chinese Ghost Story,1987,https://boxd.it/1lmI
2025-01-10,The Masque of the Red Death,1964,https://boxd.it/1w12
2025-01-10,Godzilla,1954,https://boxd.it/28kc
2025-01-10,G-Force,2009,https://boxd.it/1ETc
2025-01-10,Black Sheep,2006,https://boxd.it/257k
2025-01-10,Kangaroo Jack,2003,https://boxd.it/1VMM
2025-01-10,MVP: Most Valuable Primate,2000,https://boxd.it/1gxc
2025-01-10,There Was a Father,1942,https://boxd.it/1rWW
2025-01-10,May December,2023,https://boxd.it/vEE2
2025-01-10,Maestro,2023,https://boxd.it/j0DE
2025-01-10,Godzilla Minus One,2023,https://boxd.it/zu4c
2025-01-10,Poor Things,2023,https://boxd.it/tNWU
2025-01-10,Making Of,2023,https://boxd.it/AIiO
2025-01-10,The In(famous) Youssef Salem,2022,https://boxd.it/ByBe
2025-01-10,Grand Paris,2022,https://boxd.it/Aqre
2025-01-10,Society of the Snow,2023,https://boxd.it/y9aw
2025-01-10,Priscilla,2023,https://boxd.it/Cz3k
2025-01-10,Sky High,2005,https://boxd.it/1TNI
2025-01-10,Mayhem!,2023,https://boxd.it/AdA8
2025-01-10,Zoom,2006,https://boxd.it/1OKa
2025-01-10,Underdog,2007,https://boxd.it/21vi
2025-01-10,Gundam Wing: The Endless Waltz,1998,https://boxd.it/1zT2
2025-01-10,Mobile Suit Gundam 00 The Movie: -A Wakening of the Trailblazer-,2010,https://boxd.it/19c2
2025-01-10,Io Capitano,2023,https://boxd.it/zmrM
2025-01-10,The Three Musketeers: Milady,2023,https://boxd.it/vSti
2025-01-10,Peninsula,2020,https://boxd.it/lnrU
2025-01-10,The Taste of Things,2023,https://boxd.it/Arke
2025-01-10,Atlantic Bar,2022,https://boxd.it/Aqq6
2025-01-10,Robot Dreams,2023,https://boxd.it/vBZm
2025-01-10,Monster,2023,https://boxd.it/DJEM
2025-01-10,Dream Scenario,2023,https://boxd.it/v2h0
2025-01-10,The Assembly Line,2023,https://boxd.it/xI7q
2025-01-10,The Settlers,2023,https://boxd.it/Boyu
2025-01-10,Pompo the Cinephile,2021,https://boxd.it/pj2a
2025-01-10,Summer Scars,2022,https://boxd.it/z7um
2025-01-10,The Killer,2023,https://boxd.it/u6WE
2025-01-10,Pather Panchali,1955,https://boxd.it/22yC
2025-01-10,Aparajito,1956,https://boxd.it/29kW
2025-01-10,The Holdovers,2023,https://boxd.it/vHza
2025-01-10,Vincent Must Die,2023,https://boxd.it/Atvo
2025-01-10,Les Indésirables,2023,https://boxd.it/AWCe
2025-01-10,The Losers,2010,https://boxd.it/1ddo
2025-01-10,Sirocco and the Kingdom of Winds,2023,https://boxd.it/pdNu
2025-01-10,The Wicker Man,2006,https://boxd.it/1XZS
2025-01-10,Liz and the Blue Bird,2018,https://boxd.it/hksW
2025-01-10,Street Trash,1987,https://boxd.it/1AWw
2025-01-10,Jumper,2008,https://boxd.it/20ss
2025-01-10,Bottoms,2023,https://boxd.it/uGf2
2025-01-10,Mars Express,2023,https://boxd.it/lATC
2025-01-10,Free Guy,2021,https://boxd.it/k8dm
2025-01-10,Thor: Ragnarok,2017,https://boxd.it/8MHi
2025-01-10,Jojo Rabbit,2019,https://boxd.it/iEBG
2025-01-10,Ben 10: Race Against Time,2007,https://boxd.it/1L38
2025-01-10,They Live,1988,https://boxd.it/20lm
2025-01-10,Next Sohee,2022,https://boxd.it/yMTU
2025-01-10,Suzume,2022,https://boxd.it/yv7Y
2025-01-10,How to Have Sex,2023,https://boxd.it/EFIM
2025-01-10,Jiu Jitsu,2020,https://boxd.it/lKLe
2025-01-10,The Nature of Love,2023,https://boxd.it/ym6i
2025-01-10,Daughter of the Nile,1987,https://boxd.it/3pU4
2025-01-10,The Magic Roundabout,2005,https://boxd.it/1K3G
2025-01-10,Bad Buzz,2017,https://boxd.it/fk5O
2025-01-10,Season of the Witch,2011,https://boxd.it/1zJ2
2025-01-10,The Boy and the Heron,2023,https://boxd.it/ipeM
2025-01-10,Mom and Dad,2017,https://boxd.it/e6BO
2025-01-10,Dust in the Wind,1986,https://boxd.it/OcA
2025-01-10,The Time to Live and the Time to Die,1985,https://boxd.it/Oc6
2025-01-10,Superbad,2007,https://boxd.it/20hO
2025-01-10,Between Worlds,2018,https://boxd.it/i4LU
2025-01-10,Leo,2023,https://boxd.it/zOWS
2025-01-10,Jawan,2023,https://boxd.it/wVDs
2025-01-10,Kidnapped,2023,https://boxd.it/u9wa
2025-01-10,Garfield,2004,https://boxd.it/1ZAA
2025-01-10,Killers of the Flower Moon,2023,https://boxd.it/gHp0
2025-01-10,The Super Mario Bros. Movie,2023,https://boxd.it/i8C8
2025-01-10,The Pope's Exorcist,2023,https://boxd.it/stZ8
2025-01-10,Shin Godzilla,2016,https://boxd.it/a9lm
2025-01-10,Veronica,2017,https://boxd.it/fHXa
2025-01-10,Clash of the Ninjas,1988,https://boxd.it/4FwY
2025-01-10,Mean Streets,1973,https://boxd.it/2aSU
2025-01-10,A Summer at Grandpa's,1984,https://boxd.it/3fGQ
2025-01-10,Second Tour,2023,https://boxd.it/Al4O
2025-01-10,Sin City,2005,https://boxd.it/2aVk
2025-01-10,Bleeder,1999,https://boxd.it/1HKs
2025-01-10,The Pirates! In an Adventure with Scientists!,2012,https://boxd.it/2p1w
2025-01-10,Vice,2018,https://boxd.it/fcFY
2025-01-10,El Camino: A Breaking Bad Movie,2019,https://boxd.it/kv0q
2025-01-10,Three Colours: Red,1994,https://boxd.it/2b7q
2025-01-10,Meet the Feebles,1989,https://boxd.it/20tK
2025-01-10,Barbie,2023,https://boxd.it/bCLK
2025-01-10,Chicken for Linda!,2023,https://boxd.it/lGfS
2025-01-10,Three Colours: White,1994,https://boxd.it/2b7A
2025-01-10,Planet of the Vampires,1965,https://boxd.it/1HQg
2025-01-10,Three Colours: Blue,1993,https://boxd.it/2b7K
2025-01-10,Shiva Baby,2020,https://boxd.it/oIv0
2025-01-10,OSS 117: From Africa with Love,2021,https://boxd.it/mjce
2025-01-10,Fake News,2021,https://boxd.it/rBv4
2025-01-10,The Beach Bum,2019,https://boxd.it/fH4O
2025-01-10,Dungeons & Dragons,2000,https://boxd.it/1SWu
2025-01-10,La Belle Équipe,1936,https://boxd.it/2fOe
2025-01-10,Gladiator,2000,https://boxd.it/2b9m
2025-01-10,Smiley Face,2007,https://boxd.it/1QG0
2025-01-10,The Creator,2023,https://boxd.it/oXWq
2025-01-10,The Animal Kingdom,2023,https://boxd.it/zzJk
2025-01-10,Poison,2023,https://boxd.it/Is7Q
2025-01-10,Ghost Rider,2007,https://boxd.it/290M
2025-01-10,Thelma & Louise,1991,https://boxd.it/28Ew
2025-01-10,The Rat Catcher,2023,https://boxd.it/Is8a
2025-01-10,Ultraviolet,2006,https://boxd.it/1Xww
2025-01-10,Resident Evil,2002,https://boxd.it/28z2
2025-01-10,Man on Fire,2004,https://boxd.it/1Yvk
2025-01-10,The Swan,2023,https://boxd.it/Is80
2025-01-10,Omnibus,1992,https://boxd.it/7bLA
2025-01-10,Pan's Labyrinth,2006,https://boxd.it/28No
2025-01-10,Le Havre,2011,https://boxd.it/2vzu
2025-01-10,Oppenheimer,2023,https://boxd.it/wUow
2025-01-10,The Goldman Case,2023,https://boxd.it/AIiE
2025-01-10,November,2022,https://boxd.it/v3JO
2025-01-10,The Man Without a Past,2002,https://boxd.it/212g
2025-01-10,The Wonderful Story of Henry Sugar,2023,https://boxd.it/yNyo
2025-01-10,Gods of Egypt,2016,https://boxd.it/6aje
2025-01-10,The Other Side of Hope,2017,https://boxd.it/fcFE
2025-01-10,The Young Girls of Rochefort,1967,https://boxd.it/26K8
2025-01-10,The Umbrellas of Cherbourg,1964,https://boxd.it/22fK
2025-01-10,Donkey Skin,1970,https://boxd.it/22V2
2025-01-10,Parking,1985,https://boxd.it/64zK
2025-01-10,The Boys from Fengkuei,1983,https://boxd.it/3Ag0
2025-01-10,Xtro,1982,https://boxd.it/1v1q
2025-01-10,The House by the Cemetery,1981,https://boxd.it/1oNi
2025-01-10,Love Is Just a Death Away,2020,https://boxd.it/ttvO
2025-01-10,Shoplifters,2018,https://boxd.it/ifY6
2025-01-10,Last Dance,2022,https://boxd.it/zzNc
2025-01-10,Close Your Eyes,2023,https://boxd.it/BGhm
2025-01-10,Let's Make a Dream,1936,https://boxd.it/2Ej6
2025-01-10,Lady Killer,1937,https://boxd.it/2IZq
2025-01-10,The Lower Depths,1936,https://boxd.it/OFs
2025-01-10,My Father Was Right,1936,https://boxd.it/6aU
2025-01-10,Journey 2: The Mysterious Island,2012,https://boxd.it/2o8m
2025-01-10,Toni,1935,https://boxd.it/Aby
2025-01-10,Journey to the Center of the Earth,2008,https://boxd.it/38EI
2025-01-10,L'Atalante,1934,https://boxd.it/ThU
2025-01-10,My Name Is Nobody,1973,https://boxd.it/1YAE
2025-01-10,A Story of Water,1961,https://boxd.it/Okk
2025-01-10,Charlotte and Her Boyfriend,1958,https://boxd.it/RTC
2025-01-10,Call Centers,2010,https://boxd.it/2tlq
2025-01-10,Spy Kids,2001,https://boxd.it/1Xcw
2025-01-10,City of the Living Dead,1980,https://boxd.it/1wMs
2025-01-10,Clash of the Titans,2010,https://boxd.it/1GfI
2025-01-10,Seventh Son,2014,https://boxd.it/2czq
2025-01-10,The Colour of Magic,2008,https://boxd.it/1PWG
2025-01-10,Directing Actors by Jean Renoir,1969,https://boxd.it/64Z4
2025-01-10,The Sixth Side of the Pentagon,1968,https://boxd.it/7Efe
2025-01-10,The Fifteen-Year-Old Widows,1964,https://boxd.it/et2M
2025-01-10,The Goumbé of the Young Revelers,1966,https://boxd.it/mzRi
2025-01-10,Chanson de gestes,1966,https://boxd.it/9m7U
2025-01-10,The Little Café,1963,https://boxd.it/Gj5M
2025-01-10,In Memory of Rock,1963,https://boxd.it/nkV2
2025-01-10,Janine,1961,https://boxd.it/53Cw
2025-01-10,Love Exists,1960,https://boxd.it/53CQ
2025-01-10,The Overworked,1958,https://boxd.it/Fsa
2025-01-10,"O Seasons, O Castles",1958,https://boxd.it/8vMA
2025-01-10,Anatomy of a Fall,2023,https://boxd.it/yuDE
2025-01-10,Babylon,2022,https://boxd.it/mM02
2025-01-10,All the Boys Are Called Patrick,1959,https://boxd.it/2J8s
2025-01-10,All the World's Memory,1956,https://boxd.it/1Mmg
2025-01-10,Fool’s Mate,1956,https://boxd.it/FpK
2025-01-10,24 Hours in the Life of a Clown,1946,https://boxd.it/Mnm
2025-01-10,Conan the Barbarian,2011,https://boxd.it/18lW
2025-01-10,Boiling Point,1990,https://boxd.it/1sQA
2025-01-10,"The Green, Green Grass of Home",1982,https://boxd.it/3xzo
2025-01-10,Play While You Play,1981,https://boxd.it/37bg
2025-01-10,Christine,1983,https://boxd.it/1ZRQ
2025-01-10,Cute Girl,1980,https://boxd.it/4ZHM
2025-01-10,The Wind Will Carry Us,1999,https://boxd.it/Uwc
2025-01-10,Halloween,1978,https://boxd.it/2wRu
2025-01-10,Jay and Silent Bob Strike Back,2001,https://boxd.it/26ZM
2025-01-10,The Gleaners and I: Two Years Later,2002,https://boxd.it/2Xok
2025-01-10,The Gleaners and I,2000,https://boxd.it/S6c
2025-01-10,Jacquot de Nantes,1991,https://boxd.it/YwA
2025-01-10,Asteroid City,2023,https://boxd.it/s3ds
2025-01-10,"Small, Slow But Steady",2022,https://boxd.it/yZYe
2025-01-10,Lola,1961,https://boxd.it/11ho
2025-01-10,Shuffle,1981,https://boxd.it/3AvO
2025-01-10,Documenteur,1981,https://boxd.it/4VAs
2025-01-10,Vagabond,1985,https://boxd.it/T0u
2025-01-10,Victory or Death,2023,https://boxd.it/zSR8
2025-01-10,Kiki's Delivery Service,1989,https://boxd.it/1JAY
2025-01-10,The Dark Knight,2008,https://boxd.it/2b0k
2025-01-10,The Wind Rises,2013,https://boxd.it/4JQS
2025-01-10,Athena,2022,https://boxd.it/waii
2025-01-10,Castle in the Sky,1986,https://boxd.it/1W4G
2025-01-10,Guy Ritchie's The Covenant,2023,https://boxd.it/xjcK
2025-01-10,Through the Olive Trees,1994,https://boxd.it/Lx6
2025-01-10,Porco Rosso,1992,https://boxd.it/1Tp2
2025-01-10,"Life, and Nothing More…",1992,https://boxd.it/2WEc
2025-01-10,Gremlins,1984,https://boxd.it/29gg
2025-01-10,The Small Town,1997,https://boxd.it/zO0
2025-01-10,Harry Potter and the Order of the Phoenix,2007,https://boxd.it/29Qe
2025-01-10,Cinema Paradiso,1988,https://boxd.it/1UlA
2025-01-10,Clerks,1994,https://boxd.it/2706
2025-01-10,The Farewell,2019,https://boxd.it/kIky
2025-01-10,Bad Education,2019,https://boxd.it/jiME
2025-01-10,Four Daughters,2023,https://boxd.it/ErTw
2025-01-10,The Human Voice,2020,https://boxd.it/p148
2025-01-10,Strange Way of Life,2023,https://boxd.it/Aomw
2025-01-10,A Scene at the Sea,1991,https://boxd.it/1z10
2025-01-10,Love on the Run,1979,https://boxd.it/2aKm
2025-01-10,Stolen Kisses,1968,https://boxd.it/2aL0
2025-01-10,Ghost in the Shell 2: Innocence,2004,https://boxd.it/1SrG
2025-01-10,Harry Potter and the Philosopher's Stone,2001,https://boxd.it/29QS
2025-01-10,Harry Potter and the Goblet of Fire,2005,https://boxd.it/29Qo
2025-01-10,Ghost in the Shell,1995,https://boxd.it/1YYc
2025-01-10,Le Bonheur,1965,https://boxd.it/xyk
2025-01-10,Bed and Board,1970,https://boxd.it/2aKw
2025-01-10,Ponyo,2008,https://boxd.it/1S0A
2025-01-10,Teenage Mutant Ninja Turtles: Mutant Mayhem,2023,https://boxd.it/mK0a
2025-01-10,Blue Jeans,1958,https://boxd.it/8JfA
2025-01-10,Harry Potter and the Prisoner of Azkaban,2004,https://boxd.it/29Qy
2025-01-10,Still Walking,2008,https://boxd.it/1wvm
2025-01-10,Beowulf,1999,https://boxd.it/233U
2025-01-10,Hansel & Gretel: Witch Hunters,2013,https://boxd.it/gmw
2025-01-10,Begin Again,2013,https://boxd.it/5Ybs
2025-01-10,Abraham Lincoln: Vampire Hunter,2012,https://boxd.it/2oG4
2025-01-10,Hustler White,1996,https://boxd.it/ROs
2025-01-10,Yannick,2023,https://boxd.it/G2es
2025-01-10,Smoking Causes Coughing,2022,https://boxd.it/wVl4
2025-01-10,Man on the Moon,1999,https://boxd.it/281k
2025-01-10,A Dog's Life,1918,https://boxd.it/1b5s
2025-01-10,Harry Potter and the Chamber of Secrets,2002,https://boxd.it/29QI
2025-01-10,Nobody Knows,2004,https://boxd.it/26E0
2025-01-10,The First Slam Dunk,2022,https://boxd.it/tt94
2025-01-10,The Sorcerer's Apprentice,2010,https://boxd.it/1sGg
2025-01-10,Shaolin Soccer,2001,https://boxd.it/1T86
2025-01-10,Mission: Impossible – Dead Reckoning,2023,https://boxd.it/l7zS
2025-01-10,Once Upon a Time in Anatolia,2011,https://boxd.it/2yHG
2025-01-10,The Florida Project,2017,https://boxd.it/dMG0
2025-01-10,Limbo,2021,https://boxd.it/lLRW
2025-01-10,The Players,2012,https://boxd.it/3ao8
2025-01-10,Weekend,1967,https://boxd.it/20Ac
2025-01-10,My Father's Dragon,2022,https://boxd.it/kv30
2025-01-10,Nimona,2023,https://boxd.it/Aiyc
2025-01-10,Fantastic Mr. Fox,2009,https://boxd.it/1WyQ
2025-01-10,Mission: Impossible – Fallout,2018,https://boxd.it/bSVc
2025-01-10,La Chinoise,1967,https://boxd.it/28rC
2025-01-10,Mission: Impossible – Rogue Nation,2015,https://boxd.it/5rI4
2025-01-10,Mission: Impossible – Ghost Protocol,2011,https://boxd.it/psI
2025-01-10,Mission: Impossible II,2000,https://boxd.it/29cS
2025-01-10,Mission: Impossible III,2006,https://boxd.it/29cI
2025-01-10,The Creatures,1966,https://boxd.it/xxQ
2025-01-10,The Golden Dream,2013,https://boxd.it/5FkK
2025-01-10,Frances Ha,2012,https://boxd.it/41Xg
2025-01-10,The Duellists,1977,https://boxd.it/1FLI
2025-01-10,Eddie the Eagle,2015,https://boxd.it/amAY
2025-01-10,Chicken Run,2000,https://boxd.it/20Xg
2025-01-10,Master Gardener,2022,https://boxd.it/wNuC
2025-01-10,Beau Is Afraid,2023,https://boxd.it/u2gE
2025-01-10,The Married Woman,1964,https://boxd.it/2kkI
2025-01-10,2 or 3 Things I Know About Her,1967,https://boxd.it/20Am
2025-01-10,Masculin Féminin,1966,https://boxd.it/23UY
2025-01-10,Asterix & Obelix: Mission Cleopatra,2002,https://boxd.it/268o
2025-01-10,House,1977,https://boxd.it/1vsm
2025-01-10,Carl's Date,2023,https://boxd.it/EInC
2025-01-10,Indiana Jones and the Dial of Destiny,2023,https://boxd.it/b8vM
2025-01-10,Unfriended: Dark Web,2018,https://boxd.it/ifs0
2025-01-10,Elemental,2023,https://boxd.it/ASiE
2025-01-10,Sisu,2022,https://boxd.it/vHpu
2025-01-10,Dog Day Afternoon,1975,https://boxd.it/29bg
2025-01-10,The Iron Giant,1999,https://boxd.it/1Wow
2025-01-10,Wild at Heart,1990,https://boxd.it/2aii
2025-01-10,Lost Highway,1997,https://boxd.it/29Wc
2025-01-10,Star Wars: Visions – Screecher's Reach,2023,https://boxd.it/GqTY
2025-01-10,Star Wars: Visions – In the Stars,2023,https://boxd.it/Gro8
2025-01-10,Star Wars: Visions – The Spy Dancer,2023,https://boxd.it/GqOk
2025-01-10,The Soft Skin,1964,https://boxd.it/28eI
2025-01-10,Band of Outsiders,1964,https://boxd.it/20Aw
2025-01-10,Inland Empire,2006,https://boxd.it/28d6
2025-01-10,The Book of Solutions,2023,https://boxd.it/xx3i
2025-01-10,The Other Laurens,2023,https://boxd.it/xAPE
2025-01-10,Marcel the Shell with Shoes On,2021,https://boxd.it/wMAk
2025-01-10,Age of Panic,2013,https://boxd.it/5SDg
2025-01-10,Hiroshima Mon Amour,1959,https://boxd.it/22WY
2025-01-10,La force des choses,1997,https://boxd.it/5Lsg
2025-01-10,Straight Ahead Until Morning,1994,https://boxd.it/5DdC
2025-01-10,Heroes Never Die,1990,https://boxd.it/7rUS
2025-01-10,Cléo from 5 to 7,1962,https://boxd.it/2agm
2025-01-10,Tetsuo: The Iron Man,1989,https://boxd.it/ZoM
2025-01-10,Tokyo Fist,1995,https://boxd.it/Z2m
2025-01-10,Bullet Ballet,1998,https://boxd.it/1uMg
2025-01-10,Tetsuo II: Body Hammer,1992,https://boxd.it/1HJY
2025-01-10,Two Ships,2012,https://boxd.it/6Ebk
2025-01-10,Hiruko the Goblin,1991,https://boxd.it/163c
2025-01-10,Last Night of Amore,2023,https://boxd.it/AYuG
2025-01-10,La Pointe Courte,1955,https://boxd.it/ui4
2025-01-10,Antoine and Colette,1962,https://boxd.it/2aKQ
2025-01-10,The 400 Blows,1959,https://boxd.it/2b1C
2025-01-10,Jules and Jim,1962,https://boxd.it/28rM
2025-01-10,The Whale,2022,https://boxd.it/tw4c
2025-01-10,La Tour 2 contrôle infernale,2016,https://boxd.it/cOXK
2025-01-10,Princess Mononoke,1997,https://boxd.it/2b4w
2025-01-10,Spider-Man: Across the Spider-Verse,2023,https://boxd.it/kSz4
2025-01-10,Spider-Man: Into the Spider-Verse,2018,https://boxd.it/azpY
2025-01-10,Just the Two of Us,2023,https://boxd.it/BoGS
2025-01-10,Fallen Leaves,2023,https://boxd.it/Bgew
2025-01-10,Perfect Days,2023,https://boxd.it/ATh8
2025-01-10,About Dry Grasses,2023,https://boxd.it/oNbO
2025-01-10,"The French Dispatch of the Liberty, Kansas Evening Sun",2021,https://boxd.it/jLP8
2025-01-10,Dune,2021,https://boxd.it/fA7G
2025-01-10,The King of Algiers,2023,https://boxd.it/BDhy
2025-01-10,Stranger by the Lake,2013,https://boxd.it/5Fji
2025-01-10,The Murderer Lives at Number 21,1942,https://boxd.it/2B48
2025-01-10,Guardians of the Galaxy Vol. 3,2023,https://boxd.it/fVNI
2025-01-10,Mad God,2021,https://boxd.it/vVPm
2025-01-10,Ménage,1986,https://boxd.it/24WG
2025-01-10,Nausicaä of the Valley of the Wind,1984,https://boxd.it/2bc6
2025-01-10,Guardians of the Galaxy,2014,https://boxd.it/3VH2
2025-01-10,Guardians of the Galaxy Vol. 2,2017,https://boxd.it/8MxC
2025-01-10,That Old Dream That Moves,2001,https://boxd.it/48du
2025-01-10,Iron Man 2,2010,https://boxd.it/1WZM
2025-01-10,Sakra,2023,https://boxd.it/BpK2
2025-01-10,The Celebration,1998,https://boxd.it/2aCM
2025-01-10,Mercy,2023,https://boxd.it/A9Hk
2025-01-10,Spring Breakers,2012,https://boxd.it/421s
2025-01-10,Ichi the Killer: Episode Zero,2002,https://boxd.it/36qa
2025-01-10,Gummo,1997,https://boxd.it/1H0Y
2025-01-10,BlacKkKlansman,2018,https://boxd.it/hxL8
2025-01-10,Easy Rider,1969,https://boxd.it/29Ys
2025-01-10,Dear Diary,1993,https://boxd.it/1vT8
2025-01-10,Zombie Flesh Eaters,1979,https://boxd.it/217q
2025-01-10,Julien Donkey-Boy,1999,https://boxd.it/VNI
2025-01-10,The Three Musketeers: D'Artagnan,2023,https://boxd.it/tXF0
2025-01-10,First Cow,2019,https://boxd.it/krga
2025-01-10,"The Good, the Bad, the Weird",2008,https://boxd.it/1MSG
2025-01-10,Junkyard Dog,2023,https://boxd.it/A9H0
2025-01-10,The Quiet Family,1998,https://boxd.it/2Bes
2025-01-10,Hatchet for the Honeymoon,1970,https://boxd.it/1qn2
2025-01-10,A Bay of Blood,1971,https://boxd.it/232i
2025-01-10,Blood and Black Lace,1964,https://boxd.it/1qme
2025-01-10,"Accidental Courtesy: Daryl Davis, Race & America",2016,https://boxd.it/dg4y
2025-01-10,Weathering with You,2019,https://boxd.it/kPxE
2025-01-10,The Garden of Words,2013,https://boxd.it/5Ymq
2025-01-10,The Whip and the Body,1963,https://boxd.it/1rl2
2025-01-10,Shadow,2018,https://boxd.it/gzLi
2025-01-10,John Wick: Chapter 4,2023,https://boxd.it/mh48
2025-01-10,Dungeons & Dragons: Honor Among Thieves,2023,https://boxd.it/hN1A
2025-01-10,Memories of Murder,2003,https://boxd.it/1TSo
2025-01-10,Drunken Master II,1994,https://boxd.it/1Si0
2025-01-10,High Plains Drifter,1973,https://boxd.it/1SOK
2025-01-10,Man in the Tunnel Alley,2009,https://boxd.it/nOgI
2025-01-10,Charisma,1999,https://boxd.it/2ogU
2025-01-10,Monk Seishin,2023,https://boxd.it/IhAM
2025-01-10,All Your Faces,2023,https://boxd.it/BOP2
2025-01-10,Braindead,1992,https://boxd.it/29Gy
2025-01-10,The Minister,2011,https://boxd.it/3jG6
2025-01-10,Trainspotting,1996,https://boxd.it/29XY
2025-01-10,Glass Onion,2022,https://boxd.it/oCkK
2025-01-10,Love According to Dalva,2022,https://boxd.it/AajS
2025-01-10,Serial Driver,2023,https://boxd.it/AO7i
2025-01-10,Hercules,1997,https://boxd.it/1SDW
2025-01-10,Incredibles 2,2018,https://boxd.it/7IPg
2025-01-10,The Incredibles,2004,https://boxd.it/1XLm
2025-01-10,Sonatine,1993,https://boxd.it/20TI
2025-01-10,Fireworks,1997,https://boxd.it/22mQ
2025-01-10,Ratatouille,2007,https://boxd.it/27ww
2025-01-10,Sage homme,2023,https://boxd.it/A9Zy
2025-01-10,Treasure Planet,2002,https://boxd.it/1Znm
2025-01-10,Everything Everywhere All at Once,2022,https://boxd.it/jUk4
2025-01-10,On-Gaku: Our Sound,2019,https://boxd.it/ndze
2025-01-10,First Reformed,2017,https://boxd.it/go9C
2025-01-10,Bad Times at the El Royale,2018,https://boxd.it/fSA2
2025-01-10,Bad Taste,1987,https://boxd.it/1Xq4
2025-01-10,Sons of Ramses,2022,https://boxd.it/yYj0
2025-01-10,Prey,2022,https://boxd.it/sNBU
2025-01-10,Predator 2,1990,https://boxd.it/2aY4
2025-01-10,Atlantis: The Lost Empire,2001,https://boxd.it/1Vck
2025-01-10,The Fabelmans,2022,https://boxd.it/ugoM
2025-01-10,Big Trouble in Little China,1986,https://boxd.it/21em
2025-01-10,Aftersun,2022,https://boxd.it/Arw0
2025-01-10,The Astronaut,2022,https://boxd.it/xh7S
2025-01-10,The 13th Warrior,1999,https://boxd.it/27Ss
2025-01-10,Die Hard With a Vengeance,1995,https://boxd.it/28zG
2025-01-10,Titanic,1997,https://boxd.it/2a2k
2025-01-10,The Dance of Reality,2013,https://boxd.it/4qFw
2025-01-10,Die Hard 2,1990,https://boxd.it/28zw
2025-01-10,Django,1966,https://boxd.it/1Vr0
2025-01-10,Donks,2023,https://boxd.it/EUnY
2025-01-10,Throat Notes,2020,https://boxd.it/tk9k
2025-01-10,Anastasia,1997,https://boxd.it/1YFk
2025-01-10,No Dogs or Italians Allowed,2022,https://boxd.it/qMzu
2025-01-10,Lilo & Stitch,2002,https://boxd.it/1TAY
2025-01-10,The Asadas!,2020,https://boxd.it/lA2e
2025-01-10,Die Hard,1988,https://boxd.it/2a7u
2025-01-10,The Origin of Evil,2022,https://boxd.it/tADU
2025-01-10,The Eight Mountains,2022,https://boxd.it/ufRe
2025-01-10,Desperado,1995,https://boxd.it/20Bk
2025-01-10,"Goodbye, Don Glees!",2021,https://boxd.it/vX1S
2025-01-10,Bedhead,1991,https://boxd.it/3AfQ
2025-01-10,El Mariachi,1992,https://boxd.it/1YRq
2025-01-10,The Hunchback of Notre Dame,1996,https://boxd.it/1VZQ
2025-01-10,Pocahontas,1995,https://boxd.it/1W2g
2025-01-10,A Fistful of Dollars,1964,https://boxd.it/2auo
2025-01-10,Super,2010,https://boxd.it/QgO
2025-01-10,Raya and the Last Dragon,2021,https://boxd.it/jbkI
2025-01-10,Strange World,2022,https://boxd.it/x6Li
2025-01-10,The Rock,1996,https://boxd.it/1XM0
2025-01-10,The Guardians of the Galaxy Holiday Special,2022,https://boxd.it/t77K
2025-01-10,Werewolf by Night,2022,https://boxd.it/xMrO
2025-01-10,Avatar: The Way of Water,2022,https://boxd.it/2E2E
2025-01-10,Doctor Strange in the Multiverse of Madness,2022,https://boxd.it/gaTc
2025-01-10,The Beasts,2022,https://boxd.it/w1L6
2025-01-10,The Banshees of Inisherin,2022,https://boxd.it/p7XS
2025-01-10,Miami Vice,2006,https://boxd.it/2bbW
2025-01-10,Godland,2022,https://boxd.it/Ag9E
2025-01-10,Fujisan,2022,https://boxd.it/Ec94
2025-01-10,Singin' in the Rain,1952,https://boxd.it/29oY
2025-01-10,Top Gun: Maverick,2022,https://boxd.it/cjr4
2025-01-10,Throw Down,2004,https://boxd.it/1vme
2025-01-10,Kung-Fu Zohra,2022,https://boxd.it/xqdK
2025-01-10,Ernest & Celestine: A Trip to Gibberitia,2022,https://boxd.it/zKqI
2025-01-10,Our Little Sister,2015,https://boxd.it/abBm
2025-01-10,Broker,2022,https://boxd.it/rDUU
2025-01-10,The Third Murder,2017,https://boxd.it/fqF4
2025-01-10,Millennium Mambo,2001,https://boxd.it/1Tzw
2025-01-10,After the Storm,2016,https://boxd.it/d0HY
2025-01-10,Children of the Sea,2019,https://boxd.it/lwe6
2025-01-10,Puss in Boots,2011,https://boxd.it/eL34
2025-01-10,Irezumi,1966,https://boxd.it/1cXg
2025-01-10,Cairo Conspiracy,2022,https://boxd.it/tFAQ
2025-01-10,Pamfir,2022,https://boxd.it/w5W8
2025-01-10,Airplane!,1980,https://boxd.it/29yu
2025-01-10,Red Angel,1966,https://boxd.it/3bla
2025-01-10,The Northman,2022,https://boxd.it/nK2s
2025-01-10,She Said,2022,https://boxd.it/vBaI
2025-01-10,Mommy,2014,https://boxd.it/7Uau
2025-01-10,Saint Omer,2022,https://boxd.it/yShC
2025-01-10,"Like Father, Like Son",2013,https://boxd.it/5rQs
2025-01-10,Inu-Oh,2021,https://boxd.it/nQDE
2025-01-10,ACCA: 13-Territory Inspection Dept. - Regards,2020,https://boxd.it/nPJG
2025-01-10,Intolerable Cruelty,2003,https://boxd.it/1T7i
2025-01-10,Cry-Baby,1990,https://boxd.it/1XRa
2025-01-10,The Man Who Wasn't There,2001,https://boxd.it/1Vqc
2025-01-10,From Dusk Till Dawn,1996,https://boxd.it/29HQ
2025-01-10,Zen - Grogu and Dust Bunnies,2022,https://boxd.it/Dwka
2025-01-10,The Bride with White Hair 2,1993,https://boxd.it/1vVS
2025-01-10,Barton Fink,1991,https://boxd.it/2aFQ
2025-01-10,Out of Sight,1998,https://boxd.it/28R6
2025-01-10,The Game,1997,https://boxd.it/26vC
2025-01-10,Once Upon a Time in America,1984,https://boxd.it/2aCs
2025-01-10,Close,2022,https://boxd.it/y4qa
2025-01-10,R.M.N.,2022,https://boxd.it/yDoe
2025-01-10,In the Mood for Love,2000,https://boxd.it/29tE
2025-01-10,Little Nicholas: Happy as Can Be,2022,https://boxd.it/xKmW
2025-01-10,Happy Together,1997,https://boxd.it/1Ha0
2025-01-10,The Bear,1988,https://boxd.it/26Ps
2025-01-10,Icarus,2022,https://boxd.it/yGVU
2025-01-10,Brazil,1985,https://boxd.it/2be2
2025-01-10,Dinner in America,2020,https://boxd.it/oinu
2025-01-10,Mrdrchain,2010,https://boxd.it/j2rK
2025-01-10,Julia,2020,https://boxd.it/uxHc
2025-01-10,Something Doesn't Feel Right,2019,https://boxd.it/sdEo
2025-01-10,Elephant,1989,https://boxd.it/19aU
2025-01-10,Where the Wild Things Are,2009,https://boxd.it/1K0C
2025-01-10,Extreme Prejudice,1987,https://boxd.it/1DMa
2025-01-10,The Woman King,2022,https://boxd.it/r9a8
2025-01-10,Inception,2010,https://boxd.it/1skk
2025-01-10,Image,2014,https://boxd.it/977g
2025-01-10,Identity,2003,https://boxd.it/26e2
2025-01-10,Equilibrium,2002,https://boxd.it/211s
2025-01-10,Around the World in 80 Days,2004,https://boxd.it/1WPs
2025-01-10,The Five Devils,2022,https://boxd.it/uVsA
2025-01-10,Girl Interrupted,2021,https://boxd.it/yi6y
2025-01-10,Avatar,2009,https://boxd.it/1Efm
2025-01-10,"So Long, Stooge",1983,https://boxd.it/jtK
2025-01-10,Fumiko's Confession,2009,https://boxd.it/2waK
2025-01-10,Drifting Home,2022,https://boxd.it/x7UA
2025-01-10,The Merciless,2017,https://boxd.it/g7ma
2025-01-10,Kompromat,2022,https://boxd.it/waNA
2025-01-10,Rain Town,2011,https://boxd.it/6Npq
2025-01-10,The Dark Tower,2017,https://boxd.it/bU66
2025-01-10,Justice League,2017,https://boxd.it/4w68
2025-01-10,Pirates of the Caribbean: Dead Men Tell No Tales,2017,https://boxd.it/5a9m
2025-01-10,New Gods: Nezha Reborn,2021,https://boxd.it/oHdE
2025-01-10,The Great Train Robbery,1903,https://boxd.it/22JU
2025-01-10,Rashōmon,1941,https://boxd.it/v7RM
2025-01-10,Flesh + Blood,1985,https://boxd.it/1Rg8
2025-01-10,Dressed to Kill,1980,https://boxd.it/1UO8
2025-01-10,"The Gangster, the Cop, the Devil",2019,https://boxd.it/lnuk
2025-01-10,The Year of the Shark,2022,https://boxd.it/vqQy
2025-01-10,The Visitor from the Future,2022,https://boxd.it/uvCE
2025-01-10,Chie the Brat,1981,https://boxd.it/2shW
2025-01-10,Carrie,1976,https://boxd.it/20ZQ
2025-01-10,A Family For 1640 Days,2021,https://boxd.it/wvN2
2025-01-10,Obsession,1976,https://boxd.it/23QM
2025-01-10,The Bunker of the Last Gunshots,1982,https://boxd.it/f7A
2025-01-10,The Science of Sleep,2006,https://boxd.it/2aEe
2025-01-10,Misery,1990,https://boxd.it/28gY
2025-01-10,The Dark Knight Rises,2012,https://boxd.it/H3m
2025-01-10,Rebel,2022,https://boxd.it/wdW6
2025-01-10,Blackhat,2015,https://boxd.it/62Te
2025-01-10,Army of Darkness,1992,https://boxd.it/29G4
2025-01-10,The Beyond,1981,https://boxd.it/1FtY
2025-01-10,Ennio,2021,https://boxd.it/dRZc
2025-01-10,Memories,1995,https://boxd.it/Vz2
2025-01-10,One Piece Film Red,2022,https://boxd.it/y2b8
2025-01-10,Leila's Brothers,2022,https://boxd.it/Aly0
2025-01-10,The Summit of the Gods,2021,https://boxd.it/qFIu
2025-01-10,The Worst Person in the World,2021,https://boxd.it/oyws
2025-01-10,Green Snake,2021,https://boxd.it/tW3E
2025-01-10,Lightyear,2022,https://boxd.it/qV1G
2025-01-10,Three Thousand Years of Longing,2022,https://boxd.it/kmoy
2025-01-10,Sherlock Holmes,2009,https://boxd.it/1W2A
2025-01-10,Avengement,2019,https://boxd.it/jsp6
2025-01-10,Soul,2020,https://boxd.it/ioLA
2025-01-10,Debt Collectors,2020,https://boxd.it/o3Rk
2025-01-10,The Debt Collector,2018,https://boxd.it/iBNO
2025-01-10,Vesper,2022,https://boxd.it/ASlI
2025-01-10,Miracle,2021,https://boxd.it/wglC
2025-01-10,Nope,2022,https://boxd.it/sDCe
2025-01-10,Elvis,2022,https://boxd.it/mK4w
2025-01-10,Laal Singh Chaddha,2022,https://boxd.it/mbVK
2025-01-10,The City of Violence,2006,https://boxd.it/1Dda
2025-01-10,Only the Animals,2019,https://boxd.it/l63m
2025-01-10,The Night of the 12th,2022,https://boxd.it/yQoG
2025-01-10,The Driver,1978,https://boxd.it/27jW
2025-01-10,The Good Boss,2021,https://boxd.it/uVv0
2025-01-10,Bullet Train,2022,https://boxd.it/qW26
2025-01-10,Red Rocket,2021,https://boxd.it/sGpi
2025-01-10,Sicario,2015,https://boxd.it/8i7u
2025-01-10,The Triplets of Belleville,2003,https://boxd.it/1Y6Y
2025-01-10,Dolls,1987,https://boxd.it/1xQq
2025-01-10,A Bullet for the General,1967,https://boxd.it/18ym
2025-01-10,Kaamelott: The First Chapter,2021,https://boxd.it/lduY
2025-01-10,Diplomacy,2014,https://boxd.it/7qS2
2025-01-10,The Dam Keeper,2014,https://boxd.it/7tju
2025-01-10,3-Iron,2004,https://boxd.it/28WK
2025-01-10,Beyond the Infinite Two Minutes,2020,https://boxd.it/ujVk
2025-01-10,The Batman,2022,https://boxd.it/eDGs
2025-01-10,The Fog,1980,https://boxd.it/29Cc
2025-01-10,Poupelle of Chimney Town,2020,https://boxd.it/on14
2025-01-10,Beauty and the Beast,1991,https://boxd.it/1XhG
2025-01-10,Tarim the Brave Against the Thousand and One Effects,2015,https://boxd.it/bQIA
2025-01-10,Wild Love,2018,https://boxd.it/l5Aa
2025-01-10,La bête,2013,https://boxd.it/gAeY
2025-01-10,Haunted,2022,https://boxd.it/L9ju
2025-01-10,Roller Ghost,2019,https://boxd.it/sxaS
2025-01-10,Animals,2019,https://boxd.it/lP8c
2025-01-10,Cream,2017,https://boxd.it/fLty
2025-01-10,Afterwork,2017,https://boxd.it/hztq
2025-01-10,"No, I Don't Want to Dance!",2019,https://boxd.it/opdQ
2025-01-10,Hybrids,2017,https://boxd.it/izN8
2025-01-10,Mary and The Witch's Flower,2017,https://boxd.it/ffTY
2025-01-10,Solo: A Star Wars Story,2018,https://boxd.it/bGWs
2025-01-10,A Futile and Stupid Gesture,2018,https://boxd.it/dGNk
2025-01-10,Stronger,2017,https://boxd.it/dRqQ
2025-01-10,Beirut,2018,https://boxd.it/dZyo
2025-01-10,Lady Bird,2017,https://boxd.it/dGNE
2025-01-10,The Post,2017,https://boxd.it/fTeG
2025-01-10,First Man,2018,https://boxd.it/cPym
2025-01-10,Little Palestine: Diary of a Siege,2021,https://boxd.it/ux4u
2025-01-10,The Little Gang,2022,https://boxd.it/xHoA
2025-01-10,A Goofy Movie,1995,https://boxd.it/1Lwu
2025-01-10,Fantastic Planet,1973,https://boxd.it/1KnQ
2025-01-10,Casablanca Beats,2021,https://boxd.it/l8Pi
2025-01-10,Alien,1979,https://boxd.it/2awY
2025-01-10,The Sea Beast,2022,https://boxd.it/kv3a
2025-01-10,As Tears Go By,1988,https://boxd.it/1ybI
2025-01-10,Mulan,1998,https://boxd.it/1VFw
2025-01-10,The Crime of Monsieur Lange,1936,https://boxd.it/yo6
2025-01-10,The Wonderland,2019,https://boxd.it/l3Ps
2025-01-10,The Secret of Kells,2009,https://boxd.it/1sMI
2025-01-10,Song of the Sea,2014,https://boxd.it/3Ic6
2025-01-10,Inside Out,2015,https://boxd.it/4KHC
2025-01-10,One Piece: Baron Omatsuri and the Secret Island,2005,https://boxd.it/Reu
2025-01-10,Spider-Man: No Way Home,2021,https://boxd.it/nwRw
2025-01-10,Spider-Man: Far From Home,2019,https://boxd.it/fegG
2025-01-10,Spider-Man: Homecoming,2017,https://boxd.it/aboM
2025-01-10,Black Panther,2018,https://boxd.it/8MHs
2025-01-10,Thor,2011,https://boxd.it/1WQU
2025-01-10,Thor: The Dark World,2013,https://boxd.it/2DqA
2025-01-10,Ant-Man,2015,https://boxd.it/3vmW
2025-01-10,Captain America: Civil War,2016,https://boxd.it/89Ja
2025-01-10,The Deer King,2021,https://boxd.it/nvuG
2025-01-10,La Belle Époque,2019,https://boxd.it/lXCE
2025-01-10,The Man Who Killed Don Quixote,2018,https://boxd.it/9rkY
2025-01-10,The Spy Gone North,2018,https://boxd.it/iMsW
2025-01-10,Live by Night,2016,https://boxd.it/7GJA
2025-01-10,Wonder,2017,https://boxd.it/ekeY
2025-01-10,Hidden Figures,2016,https://boxd.it/dgS4
2025-01-10,Cars,2006,https://boxd.it/29ho
2025-01-10,Frozen II,2019,https://boxd.it/aPvo
2025-01-10,Licorice Pizza,2021,https://boxd.it/qTKY
2025-01-10,Boiling Point,2021,https://boxd.it/uo2u
2025-01-10,Moneyboys,2021,https://boxd.it/pdYi
2025-01-10,The Bad Guys,2022,https://boxd.it/nkg4
2025-01-10,Frozen,2013,https://boxd.it/3GNa
2025-01-10,Decision to Leave,2022,https://boxd.it/qp9e
2025-01-10,Playground,2021,https://boxd.it/twRI
2025-01-10,The 10th District Court: Moments of Trial,2004,https://boxd.it/485K
2025-01-10,Brave,2012,https://boxd.it/bVG
2025-01-10,Incredible But True,2022,https://boxd.it/rBtC
2025-01-10,Vengeance Is Mine,1979,https://boxd.it/XyU
2025-01-10,The Disappearance?,2022,https://boxd.it/xBDa
2025-01-10,Beauty and the Beast,1946,https://boxd.it/29UA
2025-01-10,Eragon,2006,https://boxd.it/26Fs
2025-01-10,Paddington 2,2017,https://boxd.it/bCF8
2025-01-10,Percy Jackson: Sea of Monsters,2013,https://boxd.it/2D8m
2025-01-10,Final Cut,2022,https://boxd.it/waOe
2025-01-10,Exiled,2006,https://boxd.it/1Pn2
2025-01-10,The Last Boy Scout,1991,https://boxd.it/1YYQ
2025-01-10,Paddington,2014,https://boxd.it/3RKw
2025-01-10,Percy Jackson & the Olympians: The Lightning Thief,2010,https://boxd.it/1gJi
2025-01-10,Chip 'n Dale: Rescue Rangers,2022,https://boxd.it/eSk2
2025-01-10,Jujutsu Kaisen 0,2021,https://boxd.it/uvFS
2025-01-10,The Great Gatsby,2013,https://boxd.it/JY
2025-01-10,Top Gun,1986,https://boxd.it/29JC
2025-01-10,Zootopia,2016,https://boxd.it/84xS
2025-01-10,Paulette's Chair,2014,https://boxd.it/9j28
2025-01-10,Reality,2014,https://boxd.it/5txC
2025-01-10,Triangle of Sadness,2022,https://boxd.it/hXlq
2025-01-10,Masquerade,2022,https://boxd.it/xI7A
2025-01-10,Rise,2022,https://boxd.it/sZ1Y
2025-01-10,The Innocent,2022,https://boxd.it/yDo4
2025-01-10,The Wakhan Front,2015,https://boxd.it/b9MY
2025-01-10,Junk Head,2017,https://boxd.it/gDdO
2025-01-10,Moulin Rouge!,2001,https://boxd.it/29wI
2025-01-10,Pulp Fiction,1994,https://boxd.it/29Pq
2025-01-10,The Great Mouse Detective,1986,https://boxd.it/1XlI
2025-01-10,Terminator 2: Judgment Day,1991,https://boxd.it/2aGY
2025-01-10,Professor Layton and the Eternal Diva,2009,https://boxd.it/10gu
2025-01-10,Heat,1995,https://boxd.it/2bg8
2025-01-10,Collateral,2004,https://boxd.it/28F0
2025-01-10,Bubble,2022,https://boxd.it/ymG6
2025-01-10,Hit the Road,2021,https://boxd.it/vBVO
2025-01-10,2 Alone in Paris,2008,https://boxd.it/1PvK
2025-01-10,Romeo + Juliet,1996,https://boxd.it/2ama
2025-01-10,Tangled,2010,https://boxd.it/15gO
2025-01-10,Babysitter,2022,https://boxd.it/sKc8
2025-01-10,Aliens,1986,https://boxd.it/29PA
2025-01-10,The French Connection,1971,https://boxd.it/296g
2025-01-10,The Unbearable Weight of Massive Talent,2022,https://boxd.it/o6eK
2025-01-10,Bringing Out the Dead,1999,https://boxd.it/1ZZK
2025-01-10,Freaks Out,2021,https://boxd.it/kYWS
2025-01-10,Audition,1999,https://boxd.it/1UHm
2025-01-10,Wheel of Fortune and Fantasy,2021,https://boxd.it/tWcm
2025-01-10,Inexorable,2021,https://boxd.it/tmZi
2025-01-10,Giovanni's Island,2014,https://boxd.it/72Qc
2025-01-10,Up for Love,2016,https://boxd.it/cHaQ
2025-01-10,Ambulance,2022,https://boxd.it/sFxg
2025-01-10,PP33 -POWER PLANT No.33-,2015,https://boxd.it/i9rg
2025-01-10,The Great Silence,1968,https://boxd.it/1ZlA
2025-01-10,Bureau of Proto Society,2015,https://boxd.it/fpJO
2025-01-10,The Case of Hana & Alice,2015,https://boxd.it/9ZoU
2025-01-10,Aquatic Language,2002,https://boxd.it/bg4
2025-01-10,"Someone, Somewhere",2019,https://boxd.it/lspO
2025-01-10,Patema Inverted,2013,https://boxd.it/6kwC
2025-01-10,Lawrence of Arabia,1962,https://boxd.it/2wRE
2025-01-10,Three Times Nothing,2022,https://boxd.it/tsp6
2025-01-10,Empire of Silence,2021,https://boxd.it/xGRQ
2025-01-10,Herakles,1962,https://boxd.it/OLA
2025-01-10,Turning Red,2022,https://boxd.it/ipkq
2025-01-10,The Godfather Part III,1990,https://boxd.it/2aN6
2025-01-10,Nona,2021,https://boxd.it/wbzE
2025-01-10,Twenty Something,2021,https://boxd.it/wbzu
2025-01-10,Luca,2021,https://boxd.it/ipjC
2025-01-10,The Pirates: The Last Royal Treasure,2022,https://boxd.it/lM5k
2025-01-10,The Godfather Part II,1974,https://boxd.it/2aNq
2025-01-10,Rise of the Guardians,2012,https://boxd.it/2PXw
2025-01-10,L.A. Confidential,1997,https://boxd.it/27oC
2025-01-10,The Godfather,1972,https://boxd.it/2aNK
2025-01-10,Violet Evergarden: Eternity and the Auto Memory Doll,2019,https://boxd.it/mzze
2025-01-10,Bo Burnham: Inside,2021,https://boxd.it/v2uy
2025-01-10,Problemos,2017,https://boxd.it/g2IU
2025-01-10,Nightmare Alley,2021,https://boxd.it/m0HC
2025-01-10,Another World,2021,https://boxd.it/oJ0i
2025-01-10,Mission: Impossible,1996,https://boxd.it/29d2
2025-01-10,Fortune Favors Lady Nikuko,2021,https://boxd.it/toK0
2025-01-10,The Wannabes,2022,https://boxd.it/rNjk
2025-01-10,Zero for Conduct,1933,https://boxd.it/ROW
2025-01-10,White Snake,2019,https://boxd.it/l3PW
2025-01-10,The Red Turtle,2016,https://boxd.it/bdkE
2025-01-10,Undercover,2021,https://boxd.it/oBWe
2025-01-10,Custody,2017,https://boxd.it/g6we
2025-01-10,The Card Counter,2021,https://boxd.it/nTH0
2025-01-10,Promises,2021,https://boxd.it/tATI
2025-01-10,Patients,2016,https://boxd.it/fqoW
2025-01-10,Drive My Car,2021,https://boxd.it/sv94
2025-01-10,Twilight,2019,https://boxd.it/lGFc
2025-01-10,The King and the Mockingbird,1980,https://boxd.it/1At0
2025-01-10,Rendezvous,1976,https://boxd.it/28RA
2025-01-10,Gagarine,2020,https://boxd.it/qEzm
2025-01-10,Shang-Chi and the Legend of the Ten Rings,2021,https://boxd.it/kLDI
2025-01-10,Ride Your Wave,2019,https://boxd.it/jhcg
2025-01-10,Belle,2021,https://boxd.it/tbEe
2025-01-10,The Matrix Resurrections,2021,https://boxd.it/n87k
2025-01-10,A Hero,2021,https://boxd.it/p2zw
2025-01-10,Meek's Cutoff,2010,https://boxd.it/nsG
2025-01-10,The Mitchells vs. the Machines,2021,https://boxd.it/i7xm
2025-01-10,Dragon Princess,2021,https://boxd.it/lFOC
2025-01-10,Electric Dragon 80000V,2001,https://boxd.it/1sew
2025-01-10,Encanto,2021,https://boxd.it/kPRu
2025-01-10,Magnetic Beats,2021,https://boxd.it/uVty
2025-01-10,Mandabi,1968,https://boxd.it/3pi0
2025-01-10,West Side Story,2021,https://boxd.it/iwt0
2025-01-10,"The Good, the Bad and the Ugly",1966,https://boxd.it/2ape
2025-01-10,Street of Shame,1956,https://boxd.it/UWO
2025-01-10,Pickpocket,1959,https://boxd.it/29O8
2025-01-10,Happening,2021,https://boxd.it/tRts
2025-01-10,Authentik,2021,https://boxd.it/uqag
2025-01-10,Moana,2016,https://boxd.it/8tfY
2025-01-10,Play It Safe,2021,https://boxd.it/ugsE
2025-01-10,Dead or Alive: Final,2002,https://boxd.it/1b3c
2025-01-10,The Last Duel,2021,https://boxd.it/mQbe
2025-01-10,Logan Lucky,2017,https://boxd.it/dZrs
2025-01-10,Escape from New York,1981,https://boxd.it/294k
2025-01-10,Megamind,2010,https://boxd.it/16Sk
2025-01-10,Wolfwalkers,2020,https://boxd.it/fGrC
2025-01-10,No Time to Die,2021,https://boxd.it/cPX2
2025-01-10,Kizumonogatari Part 3: Reiketsu,2017,https://boxd.it/cq8y
2025-01-10,Kizumonogatari Part 2: Nekketsu,2016,https://boxd.it/cq8o
2025-01-10,Kizumonogatari Part 1: Tekketsu,2016,https://boxd.it/c7sO
2025-01-10,The Garden of Sinners: A Study in Murder (Part 2),2009,https://boxd.it/1zz2
2025-01-10,Pom Poko,1994,https://boxd.it/1Mvi
2025-01-10,The Third War,2020,https://boxd.it/riye
2025-01-10,The Garden of Sinners: Oblivion Recording,2008,https://boxd.it/1zzc
2025-01-10,The Garden of Sinners: Paradox Spiral,2008,https://boxd.it/1zA0
2025-01-10,The Vengance 3,2021,https://boxd.it/x16a
2025-01-10,Black Box,2021,https://boxd.it/oGm6
2025-01-10,The Piano Forest,2007,https://boxd.it/inQ
2025-01-10,The Magnificent One,1973,https://boxd.it/1EVs
2025-01-10,Burn Out,2017,https://boxd.it/grLu
2025-01-10,The Garden of Sinners: The Hollow Shrine,2008,https://boxd.it/1zAa
2025-01-10,Words Bubble Up Like Soda Pop,2020,https://boxd.it/ljhG
2025-01-10,The Garden of Sinners: Remaining Sense of Pain,2008,https://boxd.it/1zAk
2025-01-10,Lost Bullet,2020,https://boxd.it/qqKg
2025-01-10,Annette,2021,https://boxd.it/f0RS
2025-01-10,Reminiscence,2021,https://boxd.it/lhMM
2025-01-10,The Garden of Sinners: A Study in Murder - Part 1,2007,https://boxd.it/1zAE
2025-01-10,The Garden of Sinners: Overlooking View,2007,https://boxd.it/1zAO
2025-01-10,The Lost City of Z,2016,https://boxd.it/a7jS
2025-01-10,The Stranger by the Shore,2020,https://boxd.it/nQek
2025-01-10,The Suicide Squad,2021,https://boxd.it/fw6O
2025-01-10,The Stronghold,2021,https://boxd.it/nDHe
2025-01-10,Wonder Garden,2013,https://boxd.it/7Cgu
2025-01-10,Typhoon Noruda,2015,https://boxd.it/c9Oi
2025-01-10,8 Mile,2002,https://boxd.it/2bew
2025-01-10,One Night in Miami...,2020,https://boxd.it/oCUo
2025-01-10,Drawer Hobs,2011,https://boxd.it/7Gcw
2025-01-10,Li'l Spider Girl,2012,https://boxd.it/49wW
2025-01-10,"Onoda: 10,000 Nights in the Jungle",2021,https://boxd.it/pYiS
2025-01-10,Oval x Over,2005,https://boxd.it/hndA
2025-01-10,Mobile Suit Gundam III: Encounters in Space,1982,https://boxd.it/14b4
2025-01-10,Lupin the Third: Napoleon's Dictionary,1991,https://boxd.it/2P6s
2025-01-10,Taken,2008,https://boxd.it/1ZXa
2025-01-10,Loop,2020,https://boxd.it/l4OA
2025-01-10,Float,2019,https://boxd.it/l4OU
2025-01-10,Burrow,2020,https://boxd.it/s2KU
2025-01-10,Out,2020,https://boxd.it/qs3I
2025-01-10,Wind,2019,https://boxd.it/l4OK
2025-01-10,Mobile Suit Gundam II: Soldiers of Sorrow,1981,https://boxd.it/14be
2025-01-10,How I Became a Superhero,2020,https://boxd.it/nOAo
2025-01-10,The Texas Chain Saw Massacre,1974,https://boxd.it/1lcS
2025-01-10,Mobile Suit Gundam I,1981,https://boxd.it/14bo
2025-01-10,Gone Baby Gone,2007,https://boxd.it/23R6
2025-01-10,We're Going to Eat You,1980,https://boxd.it/132U
2025-01-10,Summer Days with Coo,2007,https://boxd.it/1IXs
2025-01-10,Spriggan,1998,https://boxd.it/1JHU
2025-01-10,The Elephant Man,1980,https://boxd.it/27LQ
2025-01-10,Lupin the Third: The Hemingway Papers,1990,https://boxd.it/2P76
2025-01-10,Dead End Run,2003,https://boxd.it/3xOS
2025-01-10,Mary and Max,2009,https://boxd.it/1y2m
2025-01-10,"Josee, the Tiger and the Fish",2020,https://boxd.it/oh1i
2025-01-10,"Lupin the Third: Bye Bye, Lady Liberty",1989,https://boxd.it/1jYq
2025-01-10,Minari,2020,https://boxd.it/mL9M
2025-01-10,The Matrix Revolutions,2003,https://boxd.it/2a12
2025-01-10,The Matrix Reloaded,2003,https://boxd.it/2a1c
2025-01-10,Sound of Metal,2019,https://boxd.it/i7Q4
2025-01-10,Shoot the Piano Player,1960,https://boxd.it/285w
2025-01-10,Cencoroll,2009,https://boxd.it/17b2
2025-01-10,Promare,2019,https://boxd.it/keFQ
2025-01-10,Shame,2011,https://boxd.it/2CxU
2025-01-10,Ocean Waves,1993,https://boxd.it/1CtQ
2025-01-10,The Speech,2020,https://boxd.it/qExA
2025-01-10,Yojimbo,1961,https://boxd.it/1SRY
2025-01-10,Nobody,2021,https://boxd.it/mLqS
2025-01-10,The Anthem of the Heart,2015,https://boxd.it/cBiO
2025-01-10,The Watchmaker of St. Paul,1974,https://boxd.it/20bc
2025-01-10,Pigtails,2015,https://boxd.it/eTIO
2025-01-10,The Last Journey,2020,https://boxd.it/slcs
2025-01-10,Towards the Battle,2019,https://boxd.it/lPco
2025-01-10,E.T. the Extra-Terrestrial,1982,https://boxd.it/2a1G
2025-01-10,Tales from Earthsea,2006,https://boxd.it/17ae
2025-01-10,Eden of the East Movie II: Paradise Lost,2010,https://boxd.it/RdQ
2025-01-10,Eden of the East Movie I: The King of Eden,2009,https://boxd.it/1cnM
2025-01-10,Monsieur Hulot's Holiday,1953,https://boxd.it/29E8
2025-01-10,Man Bites Dog,1992,https://boxd.it/1X7Q
2025-01-10,Blood Diamond,2006,https://boxd.it/28Tm
2025-01-10,Golgo 13: The Professional,1983,https://boxd.it/1HQ6
2025-01-10,Mandibles,2020,https://boxd.it/nHDK
2025-01-10,Citizen Kitano,2020,https://boxd.it/s7uM
2025-01-10,The Castle of Cagliostro,1979,https://boxd.it/1Mn4
2025-01-10,Lupin the Third: The Fuma Conspiracy,1987,https://boxd.it/Dy6
2025-01-10,Lupin the Third: The Legend of the Gold of Babylon,1985,https://boxd.it/1gs2
2025-01-10,Lupin the Third: Pilot Film,1969,https://boxd.it/5jvQ
2025-01-10,Darkman,1990,https://boxd.it/1YnK
2025-01-10,Spider-Man 3,2007,https://boxd.it/2a7Y
2025-01-10,Black Jack: The Movie,1996,https://boxd.it/1sj2
2025-01-10,Spider-Man 2,2004,https://boxd.it/2a88
2025-01-10,Spider-Man,2002,https://boxd.it/2a8i
2025-01-10,Eraserhead,1977,https://boxd.it/299u
2025-01-10,The Butterfly Murders,1979,https://boxd.it/QMK
2025-01-10,Batman Begins,2005,https://boxd.it/2aIg
2025-01-10,Berserk: The Golden Age Arc III – The Advent,2013,https://boxd.it/4Bb8
2025-01-10,Made in Hong Kong,1997,https://boxd.it/1uFk
2025-01-10,Berserk: The Golden Age Arc II – The Battle for Doldrey,2012,https://boxd.it/3VWm
2025-01-10,Berserk: The Golden Age Arc I – The Egg of the King,2012,https://boxd.it/3MLO
2025-01-10,Time and Tide,2000,https://boxd.it/Gpw
2025-01-10,Round Da Way,2009,https://boxd.it/1FGS
2025-01-10,Mai Mai Miracle,2009,https://boxd.it/9m
2025-01-10,American Psycho,2000,https://boxd.it/28Vs
2025-01-10,Lupin the Third: The Mystery of Mamo,1978,https://boxd.it/1lSk
2025-01-10,Flyin' Bamboo,2018,https://boxd.it/jfZK
2025-01-10,Le vivier,2012,https://boxd.it/N4Iy
2025-01-10,Detention,2011,https://boxd.it/2cHk
2025-01-10,Fearless,2006,https://boxd.it/20Qa
2025-01-10,Winter's Bone,2010,https://boxd.it/14FI
2025-01-10,Entr'acte,1924,https://boxd.it/RRG
2025-01-10,Bye Bye Morons,2020,https://boxd.it/oekm
2025-01-10,The Rabbi's Cat,2011,https://boxd.it/2A7g
2025-01-10,Calamity,2020,https://boxd.it/lBQY
2025-01-10,My Cousin,2020,https://boxd.it/mbvW
2025-01-10,Another Round,2020,https://boxd.it/lkba
2025-01-10,Dobermann,1997,https://boxd.it/1Wuk
2025-01-10,Lupin III: The First,2019,https://boxd.it/mIEM
2025-01-10,The Peanut Butter Falcon,2019,https://boxd.it/gzu2
2025-01-10,Official Secrets,2019,https://boxd.it/dLxm
2025-01-10,The Last Little Red Riding Hood,1998,https://boxd.it/2Sv6
2025-01-10,Capitaine X,1994,https://boxd.it/4mza
2025-01-10,Gisèle Kérozène,1990,https://boxd.it/1bQI
2025-01-10,Vibroboy,1994,https://boxd.it/49xA
2025-01-10,Survive Style 5+,2004,https://boxd.it/1KKA
2025-01-10,There Will Be Blood,2007,https://boxd.it/20Z2
2025-01-10,Alive in Joburg,2005,https://boxd.it/Otw
2025-01-10,District 9,2009,https://boxd.it/1Iik
2025-01-10,And So We Put Goldfish in the Pool.,2017,https://boxd.it/ge6o
2025-01-10,Girlhood,2014,https://boxd.it/7WyI
2025-01-10,Adoration,2019,https://boxd.it/hysw
2025-01-10,Delete History,2020,https://boxd.it/oygk
2025-01-10,Yearning,1964,https://boxd.it/3JYg
2025-01-10,Tenet,2020,https://boxd.it/leq4
2025-01-10,Mr. Long,2017,https://boxd.it/fu8o
2025-01-10,Blind Woman's Curse,1970,https://boxd.it/2tAA
2025-01-10,Terror's Advocate,2007,https://boxd.it/1Ar4
2025-01-10,The Gentlemen,2019,https://boxd.it/iYBQ
2025-01-10,A Girl Missing,2019,https://boxd.it/lujI
2025-01-10,The Class,2008,https://boxd.it/1ZMc
2025-01-10,Do the Right Thing,1989,https://boxd.it/29gA
2025-01-10,"20min Walk from Nishi-Ogikubo Station, 2 Bedrooms, Living Room, Dining Room, Kitchen, 2mos Deposit, No Pets Allowed",2014,https://boxd.it/eb6w
2025-01-10,Menace II Society,1993,https://boxd.it/1Yuc
2025-01-10,Casino,1995,https://boxd.it/2ads
2025-01-10,Spy Kids 2: The Island of Lost Dreams,2002,https://boxd.it/1Yyo
2025-01-10,Spy Kids 3-D: Game Over,2003,https://boxd.it/1S7w
2025-01-10,Scabbard Samurai,2010,https://boxd.it/2OWW
2025-01-10,Fulltime Killer,2001,https://boxd.it/1YjS
2025-01-10,"Spring, Summer, Fall, Winter... and Spring",2003,https://boxd.it/2b6W
2025-01-10,The Big Heat,1988,https://boxd.it/3xDU
2025-01-10,BPM (Beats per Minute),2017,https://boxd.it/g796
2025-01-10,Scooby-Doo 2: Monsters Unleashed,2004,https://boxd.it/1UPA
2025-01-10,PTU,2003,https://boxd.it/1vCQ
2025-01-10,Address Unknown,2001,https://boxd.it/1vou
2025-01-10,Running Out of Time,1999,https://boxd.it/26Gq
2025-01-10,Himizu,2011,https://boxd.it/3oFs
2025-01-10,Ugetsu,1953,https://boxd.it/1NyM
2025-01-10,Breathless,1960,https://boxd.it/2aIK
2025-01-10,Koyaanisqatsi,1982,https://boxd.it/1U9E
2025-01-10,Man with a Movie Camera,1929,https://boxd.it/1u7s
2025-01-10,Hunger,2008,https://boxd.it/1Wso
2025-01-10,La La Land,2016,https://boxd.it/a5fa
2025-01-10,Sherlock Jr.,1924,https://boxd.it/298m
2025-01-10,The Three Must-Get-Theres,1922,https://boxd.it/4f2e
2025-01-10,The Song of Styrene,1958,https://boxd.it/LPE
2025-01-10,La cravate,2020,https://boxd.it/nfbo
2025-01-10,Human Traffic,1999,https://boxd.it/1Uz8
2025-01-10,The Escape,2016,https://boxd.it/eIS4
2025-01-10,Beat the Devil,2002,https://boxd.it/Ada
2025-01-10,The Follow,2001,https://boxd.it/16z8
2025-01-10,Ticker,2002,https://boxd.it/16yY
2025-01-10,Hostage,2002,https://boxd.it/16zC
2025-01-10,Paprika,2006,https://boxd.it/23wW
2025-01-10,Powder Keg,2001,https://boxd.it/16zi
2025-01-10,Star,2001,https://boxd.it/1AkC
2025-01-10,The Golden Bird,1987,https://boxd.it/gGrE
2025-01-10,Chosen,2001,https://boxd.it/1lZ6
2025-01-10,Ambush,2001,https://boxd.it/16zM
2025-01-10,"Black Cat, White Cat",1998,https://boxd.it/295s
2025-01-10,Waves,2019,https://boxd.it/jpmy
2025-01-10,My Life as a Zucchini,2016,https://boxd.it/dL2y
2025-01-10,Police Story,1985,https://boxd.it/1Zhe
2025-01-10,The Wolves,1971,https://boxd.it/10wM
2025-01-10,My Neighbors the Yamadas,1999,https://boxd.it/1KC2
2025-01-10,The Last of the Mohicans,1992,https://boxd.it/1YSo
2025-01-10,Sweet Bean,2015,https://boxd.it/alaK
2025-01-10,Kick-Heart,2013,https://boxd.it/590o
2025-01-10,Spectre,2015,https://boxd.it/6bXY
2025-01-10,Skyfall,2012,https://boxd.it/17Fc
2025-01-10,Little Miss Sumo,2018,https://boxd.it/lBXA
2025-01-10,Quantum of Solace,2008,https://boxd.it/1Vs8
2025-01-10,First Love,2019,https://boxd.it/m0iC
2025-01-10,Casino Royale,2006,https://boxd.it/1alk
2025-01-10,Only Lovers Left Alive,2013,https://boxd.it/4O1U
2025-01-10,Zero Dark Thirty,2012,https://boxd.it/3n1w
2025-01-10,Le Samouraï,1967,https://boxd.it/22ZI
2025-01-10,Animation Runner Kuromi 2,2004,https://boxd.it/4kXa
2025-01-10,Animation Runner Kuromi,2001,https://boxd.it/36Vi
2025-01-10,Phantom of the Paradise,1974,https://boxd.it/1s34
2025-01-10,Blue Velvet,1986,https://boxd.it/29BI
2025-01-10,Eïdi,2017,https://boxd.it/Rxn8
2025-01-10,Taxi,2015,https://boxd.it/amS4
2025-01-10,Bicycle Thieves,1948,https://boxd.it/23hW
2025-01-10,Long Way North,2015,https://boxd.it/bAhe
2025-01-10,Crows Zero II,2009,https://boxd.it/1vgg
2025-01-10,The Big Bad Fox and Other Tales,2017,https://boxd.it/gas6
2025-01-10,"Night Is Short, Walk On Girl",2017,https://boxd.it/ffwA
2025-01-10,Let the Right One In,2008,https://boxd.it/1Qr0
2025-01-10,Panic Room,2002,https://boxd.it/2490
2025-01-10,The Girl with a Bracelet,2019,https://boxd.it/lqS0
2025-01-10,Heaven Sent,2016,https://boxd.it/dTjM
2025-01-10,It Comes at Night,2017,https://boxd.it/eLuk
2025-01-10,Okja,2017,https://boxd.it/dvXe
2025-01-10,Making 'The Shining',1980,https://boxd.it/1G9A
2025-01-10,Simon's Got a Gift,2019,https://boxd.it/mNb6
2025-01-10,I Am Bob,2007,https://boxd.it/t6w
2025-01-10,These Vagabond Shoes,2009,https://boxd.it/8Cpe
2025-01-10,The Host,2006,https://boxd.it/28ZY
2025-01-10,Donnie Darko,2001,https://boxd.it/2b2A
2025-01-10,C'est la vie!,2017,https://boxd.it/fk34
2025-01-10,Take Shelter,2011,https://boxd.it/DQ
2025-01-10,Sonic the Hedgehog: The Movie,1996,https://boxd.it/1Kho
2025-01-10,I was still there when you left me,2020,https://boxd.it/sgjo
2025-01-10,To the Bone,2017,https://boxd.it/e5AK
2025-01-10,First Goodbyes,2019,https://boxd.it/qTbu
2025-01-10,Ahmed's Song,2019,https://boxd.it/lnhU
2025-01-10,Flow,2019,https://boxd.it/msZO
2025-01-10,Rap Night,2021,https://boxd.it/GztK
2025-01-10,Deep Red,1975,https://boxd.it/1E1E
2025-01-10,Return to the 36th Chamber,1980,https://boxd.it/INg
2025-01-10,The Man with Pendulous Arms,1997,https://boxd.it/7eJM
2025-01-10,Oh Willy...,2012,https://boxd.it/5uOY
2025-01-10,Memorable,2019,https://boxd.it/mtl6
2025-01-10,Après,2016,https://boxd.it/fEKs
2025-01-10,La Traversée de Paris,1956,https://boxd.it/1Fx2
2025-01-10,Kitbull,2019,https://boxd.it/l4MY
2025-01-10,Smash and Grab,2019,https://boxd.it/joms
2025-01-10,Evil Dead II,1987,https://boxd.it/29Ge
2025-01-10,Uncut Gems,2019,https://boxd.it/gXGc
2025-01-10,Piper,2016,https://boxd.it/dZaG
2025-01-10,Luxo Jr.,1986,https://boxd.it/1P7y
2025-01-10,Sanjay's Super Team,2015,https://boxd.it/bA6A
2025-01-10,The Blue Umbrella,2013,https://boxd.it/61Wm
2025-01-10,Lou,2017,https://boxd.it/fntk
2025-01-10,Riley's First Date?,2015,https://boxd.it/bZN0
2025-01-10,BURN·E,2008,https://boxd.it/1QdM
2025-01-10,The Girl Who Knew Too Much,1963,https://boxd.it/1qou
2025-01-10,Just Mercy,2019,https://boxd.it/iXj2
2025-01-10,Presto,2008,https://boxd.it/1QYI
2025-01-10,For the Birds,2000,https://boxd.it/1P6K
2025-01-10,Day & Night,2010,https://boxd.it/11kM
2025-01-10,Partly Cloudy,2009,https://boxd.it/1xzE
2025-01-10,Suzhou River,2000,https://boxd.it/1Tsq
2025-01-10,Bao,2018,https://boxd.it/iEl4
2025-01-10,Lifted,2006,https://boxd.it/1QW8
2025-01-10,One Man Band,2005,https://boxd.it/1P6g
2025-01-10,Lava,2014,https://boxd.it/8S9G
2025-01-10,Geri's Game,1997,https://boxd.it/1P6U
2025-01-10,Gimme the Loot,2012,https://boxd.it/3n3M
2025-01-10,Rango,2011,https://boxd.it/QPk
2025-01-10,Dear Basketball,2017,https://boxd.it/hnoI
2025-01-10,Skhizein,2008,https://boxd.it/x4k
2025-01-10,The Amazing Screw-On Head,2006,https://boxd.it/6m5e
2025-01-10,Four Flies on Grey Velvet,1971,https://boxd.it/1kN4
2025-01-10,The Gold Rush,1925,https://boxd.it/29ce
2025-01-10,The Cat o' Nine Tails,1971,https://boxd.it/1rPm
2025-01-10,The Yakuza,1974,https://boxd.it/1pEm
2025-01-10,Chappie,2015,https://boxd.it/5Y3e
2025-01-10,Hot Fuzz,2007,https://boxd.it/2416
2025-01-10,Interstellar,2014,https://boxd.it/4VZ8
2025-01-10,News Items,1983,https://boxd.it/4k32
2025-01-10,Ramen Shop,2018,https://boxd.it/i4TE
2025-01-10,The Bird with the Crystal Plumage,1970,https://boxd.it/1DDW
2025-01-10,Locked Out,2006,https://boxd.it/1Pxw
2025-01-10,1917,2019,https://boxd.it/jj4y
2025-01-10,Your Name.,2016,https://boxd.it/cUqs
2025-01-10,Point Blank,1967,https://boxd.it/1uAE
2025-01-10,Unforgettable Memory of a Friend,2018,https://boxd.it/j9T2
2025-01-10,Tokyo Drifter,1966,https://boxd.it/OTY
2025-01-10,Little Women,2019,https://boxd.it/aSVk
2025-01-10,Klaus,2019,https://boxd.it/ipoi
2025-01-10,The 36th Chamber of Shaolin,1978,https://boxd.it/1SXC
2025-01-10,Mishima: The Last Debate,2020,https://boxd.it/pstY
2025-01-10,Pusher,1996,https://boxd.it/27wG
2025-01-10,Purl,2018,https://boxd.it/jomC
2025-01-10,Those Who Work,2018,https://boxd.it/jAVa
2025-01-10,Dark Side of the Moon,2002,https://boxd.it/26oQ
2025-01-10,The Girl with the Dragon Tattoo,2011,https://boxd.it/2Pa
2025-01-10,La luna,2011,https://boxd.it/2WbO
2025-01-10,Mishima: A Life in Four Chapters,1985,https://boxd.it/1sBA
2025-01-10,Proxima,2019,https://boxd.it/hcCY
2025-01-10,Tadpole,2019,https://boxd.it/mF5Y
2025-01-10,Leuki,2019,https://boxd.it/nHpy
2025-01-10,Les Misérables,2019,https://boxd.it/lAPA
2025-01-10,Moonlight,2016,https://boxd.it/d6bE
2025-01-10,Rocketman,2019,https://boxd.it/iehK
2025-01-10,The Favourite,2018,https://boxd.it/d2hI
2025-01-10,Ford v Ferrari,2019,https://boxd.it/ce74
2025-01-10,I Lost My Body,2019,https://boxd.it/lAYs
2025-01-10,Parasite,2019,https://boxd.it/hTha
2025-01-10,The Keeper of Lost Causes,2013,https://boxd.it/5UfU
2025-01-10,My Dog Stupid,2019,https://boxd.it/jxHY
2025-01-10,The Shining,1980,https://boxd.it/29Nu
2025-01-10,On a Magical Night,2019,https://boxd.it/lXpq
2025-01-10,Only God Forgives,2013,https://boxd.it/2HBs
2025-01-10,Where Is the Friend's House?,1987,https://boxd.it/ELg
2025-01-10,The Specials,2019,https://boxd.it/lifa
2025-01-10,Street Flow,2019,https://boxd.it/mIIE
2025-01-10,La Ricotta,1963,https://boxd.it/oYDk
2025-01-10,Cashback,2004,https://boxd.it/fOh6
2025-01-10,Copy Shop,2001,https://boxd.it/viu
2025-01-10,Suite Armoricaine,2015,https://boxd.it/cHB8
2025-01-10,Miller's Crossing,1990,https://boxd.it/2avG
2025-01-10,Joker,2019,https://boxd.it/h4cS
2025-01-10,La huitième nuit,1995,https://boxd.it/q5mC
2025-01-10,Girls on the Other End,2000,https://boxd.it/JTHI
2025-01-10,mid90s,2018,https://boxd.it/fxIa
2025-01-10,Amanda,2018,https://boxd.it/hseo
2025-01-10,Ad Astra,2019,https://boxd.it/ePzI
2025-01-10,The Beat That My Heart Skipped,2005,https://boxd.it/28CK
2025-01-10,"Not Seen, Not Caught",1998,https://boxd.it/cWq
2025-01-10,A Beach Near Belfast,1996,https://boxd.it/f8ry
2025-01-10,To Be or Not to Be,1942,https://boxd.it/2aTy
2025-01-10,This Is Spinal Tap,1984,https://boxd.it/1UOs
2025-01-10,The Devil,2012,https://boxd.it/bOkG
2025-01-10,Rams,2015,https://boxd.it/b7cO
2025-01-10,The Lunch Date,1989,https://boxd.it/StA
2025-01-10,You Were Never Really Here,2017,https://boxd.it/dWOS
2025-01-10,Anima,2019,https://boxd.it/mxuc
2025-01-10,Floating Weeds,1959,https://boxd.it/LZu
2025-01-10,Redline,2009,https://boxd.it/2pQ0
2025-01-10,Modest Heroes,2018,https://boxd.it/iDYa
2025-01-10,That Most Important Thing: Love,1975,https://boxd.it/25mk
2025-01-10,Why Don't You Play in Hell?,2013,https://boxd.it/4lnC
2025-01-10,Paris Is Burning,1990,https://boxd.it/1jzg
2025-01-10,"I Was Born, But...",1932,https://boxd.it/1pS4
2025-01-10,Tokyo Twilight,1957,https://boxd.it/sq6
2025-01-10,Tokyo Story,1953,https://boxd.it/1HuY
2025-01-10,"Aguirre, the Wrath of God",1972,https://boxd.it/27Fe
2025-01-10,The Happiness of the Katakuris,2001,https://boxd.it/1KDY
2025-01-10,School Life,2019,https://boxd.it/lCau
2025-01-10,The Flavor of Green Tea Over Rice,1952,https://boxd.it/spi
2025-01-10,Snatch,2000,https://boxd.it/2b7U
2025-01-10,GoodFellas,1990,https://boxd.it/29FA
2025-01-10,Beverly Hills Cop,1984,https://boxd.it/2baE
2025-01-10,Apocalypse Now,1979,https://boxd.it/6ZS
2025-01-10,Toy Story 4,2019,https://boxd.it/9ALu
2025-01-10,Scandal,1950,https://boxd.it/1gG4
2025-01-10,Once Upon a Time... in Hollywood,2019,https://boxd.it/gH0O
2025-01-10,RocknRolla,2008,https://boxd.it/1PmI
2025-01-10,Little Cheung,1999,https://boxd.it/1GfS
2025-01-10,Hard Boiled,1992,https://boxd.it/1T6a
2025-01-10,Manhunter,1986,https://boxd.it/1TOw
2025-01-10,Bullet in the Head,1990,https://boxd.it/1SNs
2025-01-10,Game Night,2018,https://boxd.it/fRtu
2025-01-10,The Princess Bride,1987,https://boxd.it/26EY
2025-01-10,"I, Tonya",2017,https://boxd.it/dzR0
2025-01-10,The Boy and the Beast,2015,https://boxd.it/aaRe
2025-01-10,A Better Tomorrow II,1987,https://boxd.it/1HbW
2025-01-10,Mesrine: Public Enemy #1,2008,https://boxd.it/1Mo2
2025-01-10,"Lock, Stock and Two Smoking Barrels",1998,https://boxd.it/2b92
2025-01-10,Tootsie,1982,https://boxd.it/1YkG
2025-01-10,A Bittersweet Life,2005,https://boxd.it/1U4Y
2025-01-10,Thief,1981,https://boxd.it/1TEc
2025-01-10,Mesrine: Killer Instinct,2008,https://boxd.it/1PKA
2025-01-10,A Better Tomorrow,1986,https://boxd.it/1TLW
2025-01-10,Toy Story 3,2010,https://boxd.it/1WRe
2025-01-10,Green Zone,2010,https://boxd.it/1zNS
2025-01-10,The Killer,1989,https://boxd.it/1Vha
2025-01-10,Psycho,1960,https://boxd.it/2ab2
2025-01-10,Elevator to the Gallows,1958,https://boxd.it/294u
2025-01-10,Children of Paradise,1945,https://boxd.it/26H4
2025-01-10,Symbol,2009,https://boxd.it/WVI
2025-01-10,Happy Hour,2015,https://boxd.it/bXge
2025-01-10,One Cut of the Dead,2017,https://boxd.it/iAFu
2025-01-10,Burning,2018,https://boxd.it/hHUa
2025-01-10,Maquia: When the Promised Flower Blooms,2018,https://boxd.it/h6bM
2025-01-10,Asako I & II,2018,https://boxd.it/hyNk
2025-01-10,The Silence of the Lambs,1991,https://boxd.it/2aHW
2025-01-10,NightCry,2015,https://boxd.it/oFHC
2025-01-10,The Bears' Famous Invasion of Sicily,2019,https://boxd.it/jAFw
2025-01-10,Every Day a Good Day,2018,https://boxd.it/jzNO
2025-01-10,Big Man Japan,2007,https://boxd.it/1TdK
2025-01-10,Three Outlaw Samurai,1964,https://boxd.it/jni
2025-01-10,Neon Genesis Evangelion: The End of Evangelion,1997,https://boxd.it/1GRM
2025-01-10,The Doors,1991,https://boxd.it/1W18
2025-01-10,Laurence Anyways,2012,https://boxd.it/3HQu
2025-01-10,Ley Lines,1999,https://boxd.it/1FgK
2025-01-10,Man on High Heels,2014,https://boxd.it/8098
2025-01-10,Rainy Dog,1997,https://boxd.it/1b08
2025-01-10,The Mustang,2019,https://boxd.it/i4S2
2025-01-10,Deerskin,2019,https://boxd.it/lqOW
2025-01-10,Interstella 5555: The 5tory of the 5ecret 5tar 5ystem,2003,https://boxd.it/1ULy
2025-01-10,Mind Game,2004,https://boxd.it/1Bv2
2025-01-10,Godzilla: King of the Monsters,2019,https://boxd.it/cY7Y
2025-01-10,Dead or Alive 2: Birds,2000,https://boxd.it/1Pbq
2025-01-10,Molly's Game,2017,https://boxd.it/dSl8
2025-01-10,Darkest Hour,2017,https://boxd.it/dZZa
2025-01-10,Asterix: The Secret of the Magic Potion,2018,https://boxd.it/jbpe
2025-01-10,On the Beach at Night Alone,2017,https://boxd.it/fqEK
2025-01-10,The Greatest Showman,2017,https://boxd.it/acjI
2025-01-10,Bohemian Rhapsody,2018,https://boxd.it/f1TK
2025-01-10,Professor Marston and the Wonder Women,2017,https://boxd.it/eRPS
2025-01-10,Flavors of Youth,2018,https://boxd.it/iAAa
2025-01-10,Dead or Alive,1999,https://boxd.it/1U9u
2025-01-10,Minori,2019,https://boxd.it/DRsk
2025-01-10,Mother,2009,https://boxd.it/1m9g
2025-01-10,Lou!,2014,https://boxd.it/9i3k
2025-01-10,Godzilla,2014,https://boxd.it/47OE
2025-01-10,Pain and Glory,2019,https://boxd.it/iOBQ
2025-01-10,Dou kyu sei – Classmates,2016,https://boxd.it/cW8g
2025-01-10,Boy,2010,https://boxd.it/13RS
2025-01-10,Portrait of a Lady on Fire,2019,https://boxd.it/jkPq
2025-01-10,It Must Be Heaven,2019,https://boxd.it/jEVe
2025-01-10,John Wick: Chapter 3 – Parabellum,2019,https://boxd.it/gmFw
2025-01-10,Hellboy II: The Golden Army,2008,https://boxd.it/1Ug6
2025-01-10,"Two Cars, One Night",2003,https://boxd.it/AiE
2025-01-10,Hunt for the Wilderpeople,2016,https://boxd.it/cTgG
2025-01-10,The Square,2017,https://boxd.it/e5YW
2025-01-10,John Wick: Chapter 2,2017,https://boxd.it/ayGu
2025-01-10,Hellboy,2004,https://boxd.it/28HK
2025-01-10,The Dead Don't Die,2019,https://boxd.it/juZg
2025-01-10,A Single Man,2009,https://boxd.it/1dx4
2025-01-10,Wrong,2012,https://boxd.it/2V5K
2025-01-10,Passion,2008,https://boxd.it/bI9M
2025-01-10,Last Action Hero,1993,https://boxd.it/1YhW
2025-01-10,Natural Born Killers,1994,https://boxd.it/2aNg
2025-01-10,Youth of the Beast,1963,https://boxd.it/179q
2025-01-10,Pokémon Detective Pikachu,2019,https://boxd.it/fVA0
2025-01-10,The Immigrant,2013,https://boxd.it/4O2e
2025-01-10,Throne of Blood,1957,https://boxd.it/251w
2025-01-10,One Wonderful Sunday,1947,https://boxd.it/Ohg
2025-01-10,John Wick,2014,https://boxd.it/7dEc
2025-01-10,The Realm,2018,https://boxd.it/iL3w
2025-01-10,Midnight Special,2016,https://boxd.it/7dmi
2025-01-10,No Regrets for Our Youth,1946,https://boxd.it/Um2
2025-01-10,Avengers: Endgame,2019,https://boxd.it/9vE4
2025-01-10,Avengers: Infinity War,2018,https://boxd.it/9vEe
2025-01-10,Kung Fu Panda,2008,https://boxd.it/1Yws
2025-01-10,Kung Fu Panda 3,2016,https://boxd.it/4uRQ
2025-01-10,The Pleasure of Being Robbed,2008,https://boxd.it/Wxc
2025-01-10,Millennium Actress,2001,https://boxd.it/1fK0
2025-01-10,Elle,2016,https://boxd.it/bdhq
2025-01-10,All the Money in the World,2017,https://boxd.it/fUsk
2025-01-10,May God Save Us,2016,https://boxd.it/dO5U
2025-01-10,A Perfect Day,2015,https://boxd.it/ard6
2025-01-10,Oki's Movie,2010,https://boxd.it/33Ac
2025-01-10,Thanks Boss!,2016,https://boxd.it/dnaS
2025-01-10,April and the Extraordinary World,2015,https://boxd.it/bjXi
2025-01-10,With a Friend Like Harry...,2000,https://boxd.it/Jv8
2025-01-10,Two Lovers,2008,https://boxd.it/1Ws4
2025-01-10,Birds of Passage,2018,https://boxd.it/fyVu
2025-01-10,Captive State,2019,https://boxd.it/fdFq
2025-01-10,The Front Runner,2018,https://boxd.it/h78Y
2025-01-10,The Wolf's Call,2019,https://boxd.it/hqkE
2025-01-10,A Place in the Sun,2019,https://boxd.it/luum
2025-01-10,The Yards,2000,https://boxd.it/1F5C
2025-01-10,Little Odessa,1994,https://boxd.it/KyM
2025-01-10,Blade of the Immortal,2017,https://boxd.it/f5Pi
2025-01-10,Fantastic Beasts: The Crimes of Grindelwald,2018,https://boxd.it/bg8G
2025-01-10,Tokyo Tribe,2014,https://boxd.it/74PU
2025-01-10,The Villainess,2017,https://boxd.it/fwe4
2025-01-10,Burn After Reading,2008,https://boxd.it/23BW
2025-01-10,Jaws,1975,https://boxd.it/2a5e
2025-01-10,Schindler's List,1993,https://boxd.it/2aq2
2025-01-10,Devils on the Doorstep,2000,https://boxd.it/1v16
2025-01-10,Crows Zero,2007,https://boxd.it/1N4i
2025-01-10,Living in Oblivion,1995,https://boxd.it/1ZeO
2025-01-10,Isle of Flowers,1989,https://boxd.it/POU
2025-01-10,The Warriors,1979,https://boxd.it/1TLC
2025-01-10,"Hail, Caesar!",2016,https://boxd.it/881G
2025-01-10,Searching for Sugar Man,2012,https://boxd.it/2Y3s
2025-01-10,John's Gone,2010,https://boxd.it/4WBw
2025-01-10,Heaven Knows What,2014,https://boxd.it/8P1a
2025-01-10,The Hunger,1983,https://boxd.it/1Tk2
2025-01-10,City of God,2002,https://boxd.it/2a2a
2025-01-10,She's Gotta Have It,1986,https://boxd.it/1quC
2025-01-10,Cyclo,1995,https://boxd.it/1aX4
2025-01-10,Indiana Jones and the Last Crusade,1989,https://boxd.it/2baO
2025-01-10,Indiana Jones and the Temple of Doom,1984,https://boxd.it/2bb8
2025-01-10,The Invisibles,2018,https://boxd.it/i6Hg
2025-01-10,Raiders of the Lost Ark,1981,https://boxd.it/2bbs
2025-01-10,Holy Motors,2012,https://boxd.it/3wai
2025-01-10,Sparrow,2008,https://boxd.it/20YS
2025-01-10,Fallen Angels,1995,https://boxd.it/1UkW
2025-01-10,Mulholland Drive,2001,https://boxd.it/297o
2025-01-10,Days of Being Wild,1990,https://boxd.it/1HbC
2025-01-10,The Chaser,2008,https://boxd.it/1PgU
2025-01-10,Chungking Express,1994,https://boxd.it/1UDa
2025-01-10,Brother,2000,https://boxd.it/2aAm
2025-01-10,Sorry to Bother You,2018,https://boxd.it/f21E
2025-01-10,If Beale Street Could Talk,2018,https://boxd.it/gGhu
2025-01-10,"Cyrano, My Love",2018,https://boxd.it/jRmm
2025-01-10,Waltz with Bashir,2008,https://boxd.it/1ZFA
2025-01-10,All Three of Us,2015,https://boxd.it/cBkU
2025-01-10,The Mule,2018,https://boxd.it/idcY
2025-01-10,Never-Ending Man: Hayao Miyazaki,2016,https://boxd.it/gqMw
2025-01-10,Jodorowsky's Dune,2013,https://boxd.it/5MP6
2025-01-10,The End of the World in Four Seasons,1995,https://boxd.it/IjU
2025-01-10,Glass,2019,https://boxd.it/g3uO
2025-01-10,The Night Comes for Us,2018,https://boxd.it/g2lc
2025-01-10,Comme un Air,,https://boxd.it/AY0G
2025-01-10,The Looming Storm,2017,https://boxd.it/hyLI
2025-01-10,The Scent of Green Papaya,1993,https://boxd.it/1EWq
2025-01-10,Phantom Thread,2017,https://boxd.it/e4uc
2025-01-10,No Direction Home: Bob Dylan,2005,https://boxd.it/1FK6
2025-01-10,The Cat Returns,2002,https://boxd.it/1Mne
2025-01-10,Nightcrawler,2014,https://boxd.it/780m
2025-01-10,Raging Bull,1980,https://boxd.it/28yI
2025-01-10,The Chorus,1982,https://boxd.it/4ePu
2025-01-10,Aquaman,2018,https://boxd.it/9ru0
2025-01-10,Bodied,2017,https://boxd.it/fiAA
2025-01-10,Welcome to Marwen,2018,https://boxd.it/bNBQ
2025-01-10,The Stranger,1946,https://boxd.it/1DP4
2025-01-10,Breaktime,1972,https://boxd.it/4ePk
2025-01-10,Read My Lips,2001,https://boxd.it/21Xw
2025-01-10,Leto,2018,https://boxd.it/i9Tu
2025-01-10,8 Women,2002,https://boxd.it/27Lm
2025-01-10,Mirai,2018,https://boxd.it/h2Hu
2025-01-10,Yakuza Apocalypse,2015,https://boxd.it/8Kd6
2025-01-10,Enemy,2013,https://boxd.it/5xtO
2025-01-10,Roma,2018,https://boxd.it/f69M
2025-01-10,Emilie Muller,1993,https://boxd.it/ewEO
2025-01-10,Napoleon Dynamite,2004,https://boxd.it/20wu
2025-01-10,Comment c'est loin,2015,https://boxd.it/cHhM
2025-01-10,The Bread and Alley,1970,https://boxd.it/4cjm
2025-01-10,Like Someone in Love,2012,https://boxd.it/3tOu
2025-01-10,3 Misses,1998,https://boxd.it/26ny
2025-01-10,Certified Copy,2010,https://boxd.it/IMW
2025-01-10,Ten,2002,https://boxd.it/1NH0
2025-01-10,Taste of Cherry,1997,https://boxd.it/1m8W
2025-01-10,Close-Up,1990,https://boxd.it/1m9q
2025-01-10,A Silent Voice: The Movie,2016,https://boxd.it/d99c
2025-01-10,A Wedding Suit,1976,https://boxd.it/4l8W
2025-01-10,Sunny Side Up,1985,https://boxd.it/mwNs
2025-01-10,The Water People,1992,https://boxd.it/3cgq
2025-01-10,The Report,1977,https://boxd.it/4J9u
2025-01-10,The Lobster,2015,https://boxd.it/7tnw
2025-01-10,Ce qui me meut,1989,https://boxd.it/8678
2025-01-10,The Audition,2013,https://boxd.it/kQGC
2025-01-10,Arizona Dream,1993,https://boxd.it/1UMm
2025-01-10,Punch-Drunk Love,2002,https://boxd.it/20E4
2025-01-10,Goyokin,1969,https://boxd.it/GfQ
2025-01-10,Widows,2018,https://boxd.it/e6gc
2025-01-10,Marlon,2017,https://boxd.it/hvkO
2025-01-10,Batman Ninja,2018,https://boxd.it/hwle
2025-01-10,Bad Seeds,2018,https://boxd.it/hYzo
2025-01-10,Eyes Without a Face,1960,https://boxd.it/1j9i
2025-01-10,Memento,2000,https://boxd.it/2bcK
2025-01-10,All About My Mother,1999,https://boxd.it/2b9c
2025-01-10,Big Fish,2003,https://boxd.it/2a3M
2025-01-10,Following,1998,https://boxd.it/1Tj4
2025-01-10,Behind the Candelabra,2013,https://boxd.it/3Y0U
2025-01-10,Gattaca,1997,https://boxd.it/29Du
2025-01-10,Infernal Affairs,2002,https://boxd.it/1Vqw
2025-01-10,Rumba,2008,https://boxd.it/Amm
2025-01-10,A Prophet,2009,https://boxd.it/1BGE
2025-01-10,Sink or Swim,2018,https://boxd.it/hqqM
2025-01-10,The Trouble with You,2018,https://boxd.it/iOOg
2025-01-10,My American Uncle,1980,https://boxd.it/13qC
2025-01-10,Junior,2011,https://boxd.it/9PtA
2025-01-10,Eternal Sunshine of the Spotless Mind,2004,https://boxd.it/6YK
2025-01-10,Marnie,1964,https://boxd.it/2afe
2025-01-10,North by Northwest,1959,https://boxd.it/2aRM
2025-01-10,Rear Window,1954,https://boxd.it/2a6Q
2025-01-10,Girl,2018,https://boxd.it/iGU6
2025-01-10,Eyes Wide Shut,1999,https://boxd.it/2axs
2025-01-10,Late Spring,1949,https://boxd.it/1DkK
2025-01-10,High and Low,1963,https://boxd.it/1RSc
2025-01-10,Cold War,2018,https://boxd.it/fEoc
2025-01-10,The Masseurs and a Woman,1938,https://boxd.it/3cvK
2025-01-10,Whiplash,2013,https://boxd.it/cJds
2025-01-10,All About Eve,1950,https://boxd.it/29LI
2025-01-10,Sunset Boulevard,1950,https://boxd.it/2a20
2025-01-10,Predator,1987,https://boxd.it/2b84
2025-01-10,A Star Is Born,2018,https://boxd.it/aXgc
2025-01-10,A Geisha,1953,https://boxd.it/Odo
2025-01-10,Star Wars: The Last Jedi,2017,https://boxd.it/5xme
2025-01-10,Twin Peaks: Fire Walk with Me,1992,https://boxd.it/27Qw
2025-01-10,Violent Cop,1989,https://boxd.it/1Rym
2025-01-10,Women of the Night,1948,https://boxd.it/32Aq
2025-01-10,The Cyclop of the Sea,1998,https://boxd.it/kwoo
2025-01-10,La Jetée,1962,https://boxd.it/29Sk
2025-01-10,Osaka Elegy,1936,https://boxd.it/Tmg
2025-01-10,Up in the Air,2009,https://boxd.it/1zPY
2025-01-10,Battle Royale,2000,https://boxd.it/25zS
2025-01-10,The Sisters Brothers,2018,https://boxd.it/fDFm
2025-01-10,Sisters of Gion,1956,https://boxd.it/Cq3q
2025-01-10,The Men Who Tread on the Tiger's Tail,1945,https://boxd.it/19vo
2025-01-10,"Sanshiro Sugata, Part Two",1945,https://boxd.it/OhA
2025-01-10,Only Yesterday,1991,https://boxd.it/1MR4
2025-01-10,The Girl Who Leapt Through Time,2006,https://boxd.it/1OPa
2025-01-10,The Most Beautiful,1944,https://boxd.it/1HKi
2025-01-10,Tekkonkinkreet,2006,https://boxd.it/1Pui
2025-01-10,Magic Mike,2012,https://boxd.it/2HvY
2025-01-10,Blues Harp,1998,https://boxd.it/1b0s
2025-01-10,Ray,2004,https://boxd.it/28km
2025-01-10,A Touch of Sin,2013,https://boxd.it/5Fvo
2025-01-10,Crank,2006,https://boxd.it/27MY
2025-01-10,The Secret in Their Eyes,2009,https://boxd.it/1vWw
2025-01-10,Saint Amour,2016,https://boxd.it/cb1i
2025-01-10,The World Is Yours,2018,https://boxd.it/iehq
2025-01-10,The Road to El Dorado,2000,https://boxd.it/1W6s
2025-01-10,The Equalizer,2014,https://boxd.it/4TUK
2025-01-10,"Paris, Texas",1984,https://boxd.it/29Ts
2025-01-10,Under the Silver Lake,2018,https://boxd.it/dSAs
2025-01-10,Chihwaseon,2002,https://boxd.it/1Hcg
2025-01-10,Steins;Gate: The Movie - Load Region of Déjà Vu,2013,https://boxd.it/6FF6
2025-01-10,Summer Wars,2009,https://boxd.it/1oDC
2025-01-10,Army of Shadows,1969,https://boxd.it/1Mli
2025-01-10,The Graduate,1967,https://boxd.it/18Im
2025-01-10,Othello,1951,https://boxd.it/K5A
2025-01-10,The Eel,1997,https://boxd.it/1Dna
2025-01-10,Hell or High Water,2016,https://boxd.it/bfGM
2025-01-10,Good Morning,1959,https://boxd.it/2lkk
2025-01-10,Dogman,2018,https://boxd.it/hniA
2025-01-10,Eldorado,2008,https://boxd.it/1MKW
2025-01-10,Metropolis,1927,https://boxd.it/71a
2025-01-10,The Quiet Duel,1949,https://boxd.it/18aO
2025-01-10,12 Angry Men,1957,https://boxd.it/2auI
2025-01-10,Wind River,2017,https://boxd.it/dR3i
2025-01-10,Prisoners,2013,https://boxd.it/4E5i
2025-01-10,Blue Jasmine,2013,https://boxd.it/50MI
2025-01-10,Incendies,2010,https://boxd.it/Msm
2025-01-10,Akira Kurosawa: It Is Wonderful to Create: 'The Hidden Fortress',2002,https://boxd.it/j0ZA
2025-01-10,"sex, lies, and videotape",1989,https://boxd.it/28Oc
2025-01-10,Ernest & Celestine,2012,https://boxd.it/493A
2025-01-10,The Severed Heads,1957,https://boxd.it/1gre
2025-01-10,I Saw the Devil,2010,https://boxd.it/FaK
2025-01-10,Keep an Eye Out,2018,https://boxd.it/h1aY
2025-01-10,The Artist,2011,https://boxd.it/2AwK
2025-01-10,El Topo,1970,https://boxd.it/1QYS
2025-01-10,Red Beard,1965,https://boxd.it/251m
2025-01-10,Gone Girl,2014,https://boxd.it/6hQu
2025-01-10,Sicario: Day of the Soldado,2018,https://boxd.it/e4fG
2025-01-10,Sound of Noise,2010,https://boxd.it/Izo
2025-01-10,Hero,2002,https://boxd.it/2bcq
2025-01-10,Music for One Apartment and Six Drummers,2001,https://boxd.it/2Imy
2025-01-10,My Fair Lady,2009,https://boxd.it/wrpU
2025-01-10,Perfect Blue,1997,https://boxd.it/1W7A
2025-01-10,Tokyo Godfathers,2003,https://boxd.it/1Qg2
2025-01-10,Departures,2008,https://boxd.it/1JFa
2025-01-10,Dope,2015,https://boxd.it/9Tho
2025-01-10,A History of Violence,2005,https://boxd.it/2bfa
2025-01-10,The Boxtrolls,2014,https://boxd.it/5grw
2025-01-10,Labor Day,2013,https://boxd.it/4f90
2025-01-10,Kikujiro,1999,https://boxd.it/24xc
2025-01-10,Iron Man 3,2013,https://boxd.it/2cBQ
2025-01-10,Mysterious Skin,2004,https://boxd.it/1UsG
2025-01-10,Hidden Away,2014,https://boxd.it/7EqQ
2025-01-10,A Perfect World,1993,https://boxd.it/1Yng
2025-01-10,Boyz n the Hood,1991,https://boxd.it/29Ug
2025-01-10,The People vs. Larry Flynt,1996,https://boxd.it/28rs
2025-01-10,The Invisible Man,1933,https://boxd.it/1VoK
2025-01-10,MFKZ,2017,https://boxd.it/gvme
2025-01-10,Life of Brian,1979,https://boxd.it/2a4q
2025-01-10,Once Upon a Time in China III,1992,https://boxd.it/1VOe
2025-01-10,Once Upon a Time in China II,1992,https://boxd.it/1VOo
2025-01-10,Drunken Angel,1948,https://boxd.it/1uYQ
2025-01-10,Bridge of Spies,2015,https://boxd.it/9n9C
2025-01-10,Once Upon a Time in China,1991,https://boxd.it/1VOy
2025-01-10,White Bird in a Blizzard,2014,https://boxd.it/4WEU
2025-01-10,Captain America: The Winter Soldier,2014,https://boxd.it/3r58
2025-01-10,Captain America: The First Avenger,2011,https://boxd.it/28b0
2025-01-10,Harakiri,1962,https://boxd.it/1NTU
2025-01-10,The Bourne Ultimatum,2007,https://boxd.it/26Eu
2025-01-10,The Abyss,1989,https://boxd.it/26mK
2025-01-10,The Bourne Supremacy,2004,https://boxd.it/26EE
2025-01-10,Psychokinesis,2018,https://boxd.it/g7ni
2025-01-10,I Live in Fear,1955,https://boxd.it/1BOo
2025-01-10,Isle of Dogs,2018,https://boxd.it/dZrW
2025-01-10,The Blues Brothers,1980,https://boxd.it/2adi
2025-01-10,The Boat That Rocked,2009,https://boxd.it/1FZA
2025-01-10,To Rome with Love,2012,https://boxd.it/2REG
2025-01-10,Valhalla Rising,2009,https://boxd.it/17lc
2025-01-10,Back to the Future Part III,1990,https://boxd.it/2aTS
2025-01-10,The Bourne Identity,2002,https://boxd.it/26EO
2025-01-10,Nobody from Nowhere,2014,https://boxd.it/9yZE
2025-01-10,The Death of Stalin,2017,https://boxd.it/ea9Y
2025-01-10,Vertigo,1958,https://boxd.it/2apI
2025-01-10,Back to the Future Part II,1989,https://boxd.it/2aYI
2025-01-10,"O Brother, Where Art Thou?",2000,https://boxd.it/2b3I
2025-01-10,Ready Player One,2018,https://boxd.it/aZes
2025-01-10,American Beauty,1999,https://boxd.it/71Y
2025-01-10,Citizen Kane,1941,https://boxd.it/71O
2025-01-10,The Raid 2,2014,https://boxd.it/5uz0
2025-01-10,The Wailing,2016,https://boxd.it/9fLy
2025-01-10,Jarhead,2005,https://boxd.it/70m
2025-01-10,Hostiles,2017,https://boxd.it/dpiO
2025-01-10,"Roman J. Israel, Esq.",2017,https://boxd.it/ezRc
2025-01-10,Sanjuro,1962,https://boxd.it/1TaQ
2025-01-10,The Princess of Montpensier,2010,https://boxd.it/m60
2025-01-10,The Outsider,2018,https://boxd.it/6190
2025-01-10,Star Trek Into Darkness,2013,https://boxd.it/uYE
2025-01-10,The Terminal,2004,https://boxd.it/2a2O
2025-01-10,The Neon Demon,2016,https://boxd.it/9AnW
2025-01-10,The Disaster Artist,2017,https://boxd.it/cTqc
2025-01-10,Das Foto-Shoot,2013,https://boxd.it/prKO
2025-01-10,Night Owl,1993,https://boxd.it/1kEw
2025-01-10,Star Trek,2009,https://boxd.it/1Q6c
2025-01-10,When Marnie Was There,2014,https://boxd.it/78pm
2025-01-10,From Up on Poppy Hill,2011,https://boxd.it/2VCa
2025-01-10,Tickled,2016,https://boxd.it/cWEG
2025-01-10,When Harry Met Sally...,1989,https://boxd.it/29W2
2025-01-10,Snowpiercer,2013,https://boxd.it/3Icg
2025-01-10,The Shape of Water,2017,https://boxd.it/dZ5m
2025-01-10,In Bruges,2008,https://boxd.it/20n8
2025-01-10,Jurassic Park,1993,https://boxd.it/2aA2
2025-01-10,Kubo and the Two Strings,2016,https://boxd.it/a4wE
2025-01-10,Kung Fu Panda 2,2011,https://boxd.it/G36
2025-01-10,Seven Psychopaths,2012,https://boxd.it/34PW
2025-01-10,Train to Busan,2016,https://boxd.it/dSQU
2025-01-10,Training Day,2001,https://boxd.it/27A4
2025-01-10,"Three Billboards Outside Ebbing, Missouri",2017,https://boxd.it/ceBS
2025-01-10,Ocean's Thirteen,2007,https://boxd.it/2aEy
2025-01-10,The Voices,2014,https://boxd.it/7b3S
2025-01-10,The Secret World of Arrietty,2010,https://boxd.it/AF4
2025-01-10,Steak,2007,https://boxd.it/GUO
2025-01-10,True Grit,2010,https://boxd.it/Sog
2025-01-10,Ocean's Twelve,2004,https://boxd.it/2aZ2
2025-01-10,Inside Llewyn Davis,2013,https://boxd.it/34Ro
2025-01-10,Avengers: Age of Ultron,2015,https://boxd.it/3qi6
2025-01-10,"Me, Myself and Mum",2013,https://boxd.it/5LHq
2025-01-10,Rogue One: A Star Wars Story,2016,https://boxd.it/aPvy
2025-01-10,Star Wars: The Force Awakens,2015,https://boxd.it/4vru
2025-01-10,What We Do in the Shadows,2014,https://boxd.it/7eQy
2025-01-10,Star Wars: Episode III – Revenge of the Sith,2005,https://boxd.it/27US
2025-01-10,Hellgate,1989,https://boxd.it/2WdK
2025-01-10,Claude Lévi-Strauss par lui-même,2008,https://boxd.it/g44i
2025-01-10,Star Wars: Episode II – Attack of the Clones,2002,https://boxd.it/27V2
2025-01-10,Good Time,2017,https://boxd.it/fcFu
2025-01-10,We Own the Night,2007,https://boxd.it/27F4
2025-01-10,Wreck-It Ralph,2012,https://boxd.it/2TTS
2025-01-10,Star Wars: Episode I – The Phantom Menace,1999,https://boxd.it/27Vc
2025-01-10,Antigang,2015,https://boxd.it/bGgG
2025-01-10,Murder on the Orient Express,2017,https://boxd.it/dHjA
2025-01-10,Ocean's Eleven,2001,https://boxd.it/2aZm
2025-01-10,Return of the Jedi,1983,https://boxd.it/27Vm
2025-01-10,No Country for Old Men,2007,https://boxd.it/21ew
2025-01-10,Coco,2017,https://boxd.it/bYJQ
2025-01-10,The Empire Strikes Back,1980,https://boxd.it/27Vw
2025-01-10,Man of Steel,2013,https://boxd.it/FRk
2025-01-10,Tropic Thunder,2008,https://boxd.it/20WM
2025-01-10,Drunken Master,1978,https://boxd.it/1Ujk
2025-01-10,Batman v Superman: Dawn of Justice,2016,https://boxd.it/6fBW
2025-01-10,Fight Club,1999,https://boxd.it/2a9q
2025-01-10,The Grandmaster,2013,https://boxd.it/QU0
2025-01-10,Swiss Army Man,2016,https://boxd.it/bDG2
2025-01-10,Hotel Chevalier,2007,https://boxd.it/21Ic
2025-01-10,Castello Cavalcanti,2013,https://boxd.it/6WlM
2025-01-10,Cousin Ben Troop Screening,2012,https://boxd.it/49SS
2025-01-10,Bottle Rocket,1996,https://boxd.it/1PDa
2025-01-10,Kung Fu Hustle,2004,https://boxd.it/1YBi
2025-01-10,The Life Aquatic with Steve Zissou,2004,https://boxd.it/2aqw
2025-01-10,Whisper of the Heart,1995,https://boxd.it/17uy
2025-01-10,The Avengers,2012,https://boxd.it/1xFW
2025-01-10,Rushmore,1998,https://boxd.it/1TAO
2025-01-10,Dead Sushi,2012,https://boxd.it/3Iku
2025-01-10,Charlie and the Chocolate Factory,2005,https://boxd.it/2b68
2025-01-10,Vincent,1982,https://boxd.it/1hLa
2025-01-10,The Nightmare Before Christmas,1993,https://boxd.it/1YzQ
2025-01-10,Solar Adventure,1985,https://boxd.it/4Z38
2025-01-10,See You Up There,2017,https://boxd.it/fg2Q
2025-01-10,Layer Cake,2004,https://boxd.it/23LC
2025-01-10,Mutant Girls Squad,2010,https://boxd.it/Bn6
2025-01-10,The Ghost Writer,2010,https://boxd.it/1TQW
2025-01-10,Watchmen,2009,https://boxd.it/1QE4
2025-01-10,Karate-Robo Zaborgar,2011,https://boxd.it/328G
2025-01-10,Kingsman: The Golden Circle,2017,https://boxd.it/buJm
2025-01-10,Midnight in Paris,2011,https://boxd.it/i4a
2025-01-10,Blade Runner 2049,2017,https://boxd.it/b8wK
2025-01-10,Sense8: Happy F*cking New Year,2016,https://boxd.it/rP4w
2025-01-10,Blade Runner,1982,https://boxd.it/2bcA
2025-01-10,The Truman Show,1998,https://boxd.it/18U8
2025-01-10,Platoon,1986,https://boxd.it/29BS
2025-01-10,Pain & Gain,2013,https://boxd.it/4lp4
2025-01-10,Some Like It Hot,1959,https://boxd.it/2aNA
2025-01-10,American Made,2017,https://boxd.it/bb66
2025-01-10,Winter on Fire: Ukraine's Fight for Freedom,2015,https://boxd.it/bYWU
2025-01-10,Cloverfield,2008,https://boxd.it/2192
2025-01-10,mother!,2017,https://boxd.it/dgRU
2025-01-10,Children of Men,2006,https://boxd.it/1Y2i
2025-01-10,The Matrix,1999,https://boxd.it/2a1m
2025-01-10,Who Framed Roger Rabbit,1988,https://boxd.it/29ry
2025-01-10,The Emperor's New Groove,2000,https://boxd.it/1Tey
2025-01-10,In This Corner of the World,2016,https://boxd.it/d9kY
2025-01-10,Ferris Bueller's Day Off,1986,https://boxd.it/1YPY
2025-01-10,Blood Freak,1972,https://boxd.it/2VME
2025-01-10,22 Jump Street,2014,https://boxd.it/5Fvy
2025-01-10,2001: A Space Odyssey,1968,https://boxd.it/2bf0
2025-01-10,Saving Private Ryan,1998,https://boxd.it/29ro
2025-01-10,The Prestige,2006,https://boxd.it/293w
2025-01-10,Scarface,1983,https://boxd.it/2b7g
2025-01-10,Philadelphia,1993,https://boxd.it/1XMk
2025-01-10,Poultrygeist: Night of the Chicken Dead,2006,https://boxd.it/1ISi
2025-01-10,The Room,2003,https://boxd.it/1ICY
2025-01-10,"OSS 117: Cairo, Nest of Spies",2006,https://boxd.it/1MIm
2025-01-10,The Rocky Horror Picture Show,1975,https://boxd.it/1a3q
2025-01-10,9 Month Stretch,2013,https://boxd.it/62iW
2025-01-10,Animal Crossing: The Movie,2006,https://boxd.it/1DlS
2025-01-10,Delicatessen,1991,https://boxd.it/29lK
2025-01-10,The Departed,2006,https://boxd.it/28MA
2025-01-10,Wolf Children,2012,https://boxd.it/3Ipk
2025-01-10,Mystic River,2003,https://boxd.it/2aAG
2025-01-10,Borat: Cultural Learnings of America for Make Benefit Glorious Nation of Kazakhstan,2006,https://boxd.it/2agQ
2025-01-10,South Park: Imaginationland,2008,https://boxd.it/1KZU
2025-01-10,How to Train Your Dragon,2010,https://boxd.it/1WRy
2025-01-10,How to Train Your Dragon 2,2014,https://boxd.it/2TRW
2025-01-10,Dunkirk,2017,https://boxd.it/d0Y6
2025-01-10,La Classe américaine,1993,https://boxd.it/1KL4
2025-01-10,A Girl at My Door,2014,https://boxd.it/7WpG
2025-01-10,Juno,2007,https://boxd.it/210a
2025-01-10,The Congress,2013,https://boxd.it/4Ota
2025-01-10,Baby Driver,2017,https://boxd.it/bhF2
2025-01-10,Suspiria,1977,https://boxd.it/1SNW
2025-01-10,The Social Network,2010,https://boxd.it/17ue
2025-01-10,Akira,1988,https://boxd.it/2b1i
2025-01-10,Catch Me If You Can,2002,https://boxd.it/29VS
2025-01-10,Dallas Buyers Club,2013,https://boxd.it/4O8G
2025-01-10,300,2006,https://boxd.it/28XI
2025-01-10,Road to Perdition,2002,https://boxd.it/24Lo
2025-01-10,Wonder Woman,2017,https://boxd.it/9roG
2025-01-10,An Honest Liar,2014,https://boxd.it/7NJM
2025-01-10,Minority Report,2002,https://boxd.it/2aWi
2025-01-10,Unforgiven,1992,https://boxd.it/6Z4
2025-01-10,Edge of Tomorrow,2014,https://boxd.it/4pD0
2025-01-10,Kick-Ass,2010,https://boxd.it/1zaQ
2025-01-10,Pacific Rim,2013,https://boxd.it/2cB2
2025-01-10,Pirates of the Caribbean: On Stranger Tides,2011,https://boxd.it/27Z4
2025-01-10,The Hangover,2009,https://boxd.it/1GjK
2025-01-10,The Place Beyond the Pines,2012,https://boxd.it/3mDu
2025-01-10,The Adventures of Tintin,2011,https://boxd.it/1Irc
2025-01-10,American Sniper,2014,https://boxd.it/5LDy
2025-01-10,Blood Simple,1984,https://boxd.it/1U16
2025-01-10,Lady Vengeance,2005,https://boxd.it/248G
2025-01-10,Monty Python and the Holy Grail,1975,https://boxd.it/29GI
2025-01-10,Slumdog Millionaire,2008,https://boxd.it/1S3E
2025-01-10,Zodiac,2007,https://boxd.it/27MO
2025-01-10,Zombieland,2009,https://boxd.it/1En6
2025-01-10,The Nice Guys,2016,https://boxd.it/94Hg
2025-01-10,Double King,2017,https://boxd.it/g2Sq
2025-01-10,21 Jump Street,2012,https://boxd.it/J0
2025-01-10,Zatoichi,2003,https://boxd.it/2aMs
2025-01-10,The Peanuts Movie,2015,https://boxd.it/6Jci
2025-01-10,Duel,1971,https://boxd.it/29ui
2025-01-10,The Twelve Tasks of Asterix,1976,https://boxd.it/1YOG
2025-01-10,Lost in Translation,2003,https://boxd.it/2b0E
2025-01-10,Rubber,2010,https://boxd.it/P2m
2025-01-10,Pirates of the Caribbean: At World's End,2007,https://boxd.it/2aGu
2025-01-10,The Darjeeling Limited,2007,https://boxd.it/24as
2025-01-10,Bronson,2008,https://boxd.it/1GM8
2025-01-10,Pirates of the Caribbean: Dead Man's Chest,2006,https://boxd.it/2bfk
2025-01-10,Pirates of the Caribbean: The Curse of the Black Pearl,2003,https://boxd.it/70G
2025-01-10,Annie Hall,1977,https://boxd.it/29M2
2025-01-10,Frantz,2016,https://boxd.it/d6Ym
2025-01-10,Asterix: The Mansions of the Gods,2014,https://boxd.it/5gge
2025-01-10,Asterix and Cleopatra,1968,https://boxd.it/1Xv4
2025-01-10,Argo,2012,https://boxd.it/2czU
2025-01-10,Birdman or (The Unexpected Virtue of Ignorance),2014,https://boxd.it/5RFA
2025-01-10,Raising Arizona,1987,https://boxd.it/2avQ
2025-01-10,The Holy Mountain,1973,https://boxd.it/20mu
2025-01-10,They Call Me Jeeg,2015,https://boxd.it/czfI
2025-01-10,Anchorman: The Legend of Ron Burgundy,2004,https://boxd.it/1ZVo
2025-01-10,The Brand New Testament,2015,https://boxd.it/aPMO
2025-01-10,Hardcore Henry,2015,https://boxd.it/aAIM
2025-01-10,Up,2009,https://boxd.it/1OEc
2025-01-10,Unbreakable,2000,https://boxd.it/1XV2
2025-01-10,Days of Heaven,1978,https://boxd.it/1JRg
2025-01-10,Drive,2011,https://boxd.it/IG
2025-01-10,Ghost in the Shell,2017,https://boxd.it/abTA
2025-01-10,The Motorcycle Diaries,2004,https://boxd.it/28nU
2025-01-10,Léon: The Professional,1994,https://boxd.it/2b8S
2025-01-10,Paths of Glory,1957,https://boxd.it/29b6
2025-01-10,Logan,2017,https://boxd.it/7Piy
2025-01-10,The Karate Kid,1984,https://boxd.it/27Wk
2025-01-10,The Night of the Hunter,1955,https://boxd.it/25HW
2025-01-10,The Lego Movie,2014,https://boxd.it/4pDO
2025-01-10,Split,2016,https://boxd.it/dgSy
2025-01-10,On Your Mark,1995,https://boxd.it/1Vgm
2025-01-10,The Wave,2008,https://boxd.it/20OS
2025-01-10,Ghostbusters II,1989,https://boxd.it/261s
2025-01-10,Ghostbusters,1984,https://boxd.it/g2w
2025-01-10,Mona Lisa Smile,2003,https://boxd.it/1T0Q
2025-01-10,Snowden,2016,https://boxd.it/9CWO
2025-01-10,The Connection,2014,https://boxd.it/5XHi
2025-01-10,Unleashed,2005,https://boxd.it/1Xgy
2025-01-10,The Martian,2015,https://boxd.it/8SeG
2025-01-10,Serial (Bad) Weddings,2014,https://boxd.it/7Nw4
2025-01-10,Kingsman: The Secret Service,2014,https://boxd.it/6dxe
2025-01-10,Wrong Cops,2013,https://boxd.it/4YkW
2025-01-10,Taxi,1998,https://boxd.it/26UM
2025-01-10,Night at the Museum: Secret of the Tomb,2014,https://boxd.it/5x3m
2025-01-10,Big Eyes,2014,https://boxd.it/36ms
2025-01-10,A Tale of Two Sisters,2003,https://boxd.it/248m
2025-01-10,Hook,1991,https://boxd.it/29nQ
2025-01-10,The Terminator,1984,https://boxd.it/2aQY
2025-01-10,RoboCop,1987,https://boxd.it/22Wu
2025-01-10,The Others,2001,https://boxd.it/27Po
2025-01-10,Death Proof,2007,https://boxd.it/27GG
2025-01-10,The Big Short,2015,https://boxd.it/ajZw
2025-01-10,Lawless,2012,https://boxd.it/2TIK
2025-01-10,The Fifth Element,1997,https://boxd.it/71k
2025-01-10,The Lion King,1994,https://boxd.it/201Q
2025-01-10,Fear City: A Family-Style Comedy,1994,https://boxd.it/1MOO
2025-01-10,Star Wars,1977,https://boxd.it/72s
2025-01-10,American History X,1998,https://boxd.it/2bdo
2025-01-10,Doctor Strange,2016,https://boxd.it/8MH8
2025-01-10,Sully,2016,https://boxd.it/cD8Q
2025-01-10,Fantastic Beasts and Where to Find Them,2016,https://boxd.it/7FPC
2025-01-10,Sing Street,2016,https://boxd.it/cOo6
2025-01-10,The Revenant,2015,https://boxd.it/8H5e
2025-01-10,WALL·E,2008,https://boxd.it/1VEo
2025-01-10,Big Hero 6,2014,https://boxd.it/5rje
2025-01-10,Indie Game: The Movie,2012,https://boxd.it/2Nju
2025-01-10,Taxi Driver,1976,https://boxd.it/2b8y
2025-01-10,Paul,2011,https://boxd.it/13uE
2025-01-10,The Usual Suspects,1995,https://boxd.it/29XE
2025-01-10,Back to the Future,1985,https://boxd.it/2b8e
2025-01-10,Dofus - Book I: Julith,2015,https://boxd.it/91Ac
2025-01-10,Persepolis,2007,https://boxd.it/27DC
2025-01-10,Little Miss Sunshine,2006,https://boxd.it/29EW
2025-01-10,La Haine,1995,https://boxd.it/2as8
2025-01-10,For a Few Dollars More,1965,https://boxd.it/29eu
2025-01-10,Scott Pilgrim vs. the World,2010,https://boxd.it/1Aq6
2025-01-10,The World's End,2013,https://boxd.it/3EiO
2025-01-10,Shaun of the Dead,2004,https://boxd.it/29J8
2025-01-10,Jackie Brown,1997,https://boxd.it/2aVO
2025-01-10,Oldboy,2003,https://boxd.it/29R2
2025-01-10,The Big Lebowski,1998,https://boxd.it/2b6C
2025-01-10,Fargo,1996,https://boxd.it/2aHM
2025-01-10,The Raid,2011,https://boxd.it/3hBy
2025-01-10,The Grand Budapest Hotel,2014,https://boxd.it/3ZqO
2025-01-10,Full Metal Jacket,1987,https://boxd.it/2a1Q
2025-01-10,Dr. Strangelove or: How I Learned to Stop Worrying and Love the Bomb,1964,https://boxd.it/29eY
2025-01-10,Kids Return,1996,https://boxd.it/1sfY
2025-01-10,Arrival,2016,https://boxd.it/aNGk
2025-01-10,Allied,2016,https://boxd.it/cP42
2025-01-10,Moonrise Kingdom,2012,https://boxd.it/2Wng
2025-01-10,Inglourious Basterds,2009,https://boxd.it/1JzG
2025-01-10,Kill Bill: Vol. 2,2004,https://boxd.it/2au4
2025-01-10,Kill Bill: Vol. 1,2003,https://boxd.it/70w
2025-01-10,Django Unchained,2012,https://boxd.it/2cCk
2025-02-02,Sing Sing,2023,https://boxd.it/HIBA
2025-02-02,MouseHunt,1997,https://boxd.it/21PM
2025-02-02,The Emoji Movie,2017,https://boxd.it/d9x4
2025-02-02,Young Mr. Lincoln,1939,https://boxd.it/Tsy
2025-02-02,Stagecoach,1939,https://boxd.it/297S
2025-02-02,Strange Days,1995,https://boxd.it/2aGO
2025-02-02,The Prince of Egypt,1998,https://boxd.it/1XGQ
2025-02-02,Memoir of a Snail,2024,https://boxd.it/EgX8
2025-02-02,Maldoror,2024,https://boxd.it/AeCu
2025-02-02,I'm Still Here,2024,https://boxd.it/BPEO
2025-02-02,Se7en,1995,https://boxd.it/29zs
2025-02-02,HOUBA! On the Trail of the Marsupilami,2012,https://boxd.it/3u7c
2025-02-02,Jonah Hex,2010,https://boxd.it/1Dkg
2025-02-02,Caught by the Tides,2024,https://boxd.it/GZ4Q
2025-02-02,The Cat in the Hat,2003,https://boxd.it/1VSU
2025-02-20,The Color of Pomegranates,1969,https://boxd.it/1u94
2025-02-20,The Night of Counting the Years,1969,https://boxd.it/Mxm
2025-02-20,Dog Days,2001,https://boxd.it/1Zm4
2025-03-05,Helter Skelter,2012,https://boxd.it/3ybW
2025-04-07,The Green Ray,1986,https://boxd.it/t8W
2025-04-07,A Town Called Panic,2009,https://boxd.it/11ki
2025-04-07,Jauja,2014,https://boxd.it/7Wn6
2025-04-07,Truck Rascals: No One Can Stop Me,1975,https://boxd.it/55mg
2025-04-14,True Romance,1993,https://boxd.it/2aBa
2025-04-15,Raining Cats and Frogs,2003,https://boxd.it/1Ahy
2025-06-20,Enzo,2025,https://boxd.it/MK4I
2025-06-20,Untamable,2025,https://boxd.it/Ualk
2025-06-20,The Delta,1996,https://boxd.it/3CFQ
2025-06-20,Crippled Avengers,1978,https://boxd.it/12wk
2025-06-20,The Five Venoms,1978,https://boxd.it/1Q5o
2025-06-20,Tavern Man,2012,https://boxd.it/myvK
2025-06-20,World of Glory,1991,https://boxd.it/Sss
2025-06-20,Ballerina,2025,https://boxd.it/jKqG
2025-06-20,Disciples of Shaolin,1975,https://boxd.it/38QO
2025-06-20,Return of the One-Armed Swordsman,1969,https://boxd.it/INq
2025-06-20,Five Shaolin Masters,1974,https://boxd.it/Zv4
2025-06-20,The Legend of Ochi,2025,https://boxd.it/xRZm
2025-06-20,Old Joy,2006,https://boxd.it/1tIW
2025-06-20,Intimate Confessions of a Chinese Courtesan,1972,https://boxd.it/LTG
2025-06-20,The Phoenician Scheme,2025,https://boxd.it/H0Ca
2025-06-20,The New One-Armed Swordsman,1971,https://boxd.it/1qoO
2025-06-20,River of Grass,1994,https://boxd.it/3orq
2025-06-20,HIDARI,2023,https://boxd.it/GGFo
2025-06-20,Golden Swallow,1968,https://boxd.it/1hcu
2025-06-20,Fear City,1984,https://boxd.it/1Gv2
2025-06-20,Night Moves,2013,https://boxd.it/4WFe
2025-06-20,The American Friend,1977,https://boxd.it/1UkC
2025-06-20,The Boxer from Shantung,1972,https://boxd.it/Dl2
2025-06-20,Hollow Man,2000,https://boxd.it/1YP0
2025-06-20,Leave One Day,2025,https://boxd.it/MK6k
2025-06-20,The Gardener,2025,https://boxd.it/LPcK
2025-06-20,Five Fingers of Death,1972,https://boxd.it/1Bfy
2025-06-20,American Honey,2016,https://boxd.it/bk7C
2025-06-20,The One-Armed Swordsman,1967,https://boxd.it/uSQ
2025-06-20,Come Drink with Me,1966,https://boxd.it/1uf2
2025-06-20,Wuthering Heights,2011,https://boxd.it/1YRU
2025-06-20,Superwho?,2021,https://boxd.it/s1rC
2025-06-20,Bernie,1996,https://boxd.it/1Eiq
2025-06-20,The Tube with a Hat,2006,https://boxd.it/bpgE
2025-06-20,Beau Travail,1999,https://boxd.it/1NI8
2025-06-20,Legend of the Sacred Stone,2000,https://boxd.it/1xlM
2025-06-20,Ash Is Purest White,2018,https://boxd.it/fH5C
2025-06-20,Havoc,2025,https://boxd.it/oTok
2025-06-20,Afternoons of Solitude,2024,https://boxd.it/APRc
2025-06-20,24 City,2008,https://boxd.it/1meq
2025-06-20,Mountains May Depart,2015,https://boxd.it/a86U
2025-06-20,Ne Zha 2,2025,https://boxd.it/B2qe
2025-06-20,Sinners,2025,https://boxd.it/KQMM
2025-06-20,New Gods: Yang Jian,2022,https://boxd.it/vQbm
2025-06-20,Jiang Ziya,2020,https://boxd.it/nyHI
2025-06-20,Ne Zha,2019,https://boxd.it/mKSm
2025-06-20,Hard Truths,2024,https://boxd.it/CiDq
2025-06-20,The Age of Shadows,2016,https://boxd.it/cruq
2025-06-20,Sunday,2023,https://boxd.it/IfX0
2025-06-20,How to Make Millions Before Grandma Dies,2024,https://boxd.it/FLa4
2025-06-20,Shepherds,2024,https://boxd.it/BlpO
2025-06-20,3 Days Max,2023,https://boxd.it/AxDw
2025-06-20,Grand Theft Hamlet,2024,https://boxd.it/KUyE
2025-06-20,Baby Invasion,2024,https://boxd.it/M6VC
2025-06-20,Ran,1985,https://boxd.it/1Tlu
2025-06-20,The Long Voyage Home,1940,https://boxd.it/xXu
2025-06-20,Dog Man,2025,https://boxd.it/t6Iq
2025-06-20,Linda and Irina,2023,https://boxd.it/FVCs
2025-06-20,In Another Country,2012,https://boxd.it/3wMQ
2025-06-20,So Long,2024,https://boxd.it/MBIk
2025-06-20,In the Land of Brothers,2024,https://boxd.it/K5cC
2025-06-20,Hill of Freedom,2014,https://boxd.it/8MSU
2025-06-20,Dark Diamond,2016,https://boxd.it/do42
2025-06-20,The Grapes of Wrath,1940,https://boxd.it/2a2u
2025-06-20,Bushido,2024,https://boxd.it/Mb3q
2025-06-20,Lean on Pete,2017,https://boxd.it/emgM
2025-06-20,The Mohican,2024,https://boxd.it/Chmy
2025-06-20,45 Years,2015,https://boxd.it/9ZPG
2025-06-20,Sibyl,2019,https://boxd.it/kum6
2025-06-20,Vermiglio,2024,https://boxd.it/HxDK
2025-06-20,Drums Along the Mohawk,1939,https://boxd.it/2mtC
2025-06-20,Once Upon My Mother,2025,https://boxd.it/FThs
2025-06-20,Black Box Diaries,2024,https://boxd.it/K5dU
2025-06-20,Inspector Gadget,1999,https://boxd.it/2azy
2025-06-20,Mobile Suit Gundam GQuuuuuuX -Beginning-,2025,https://boxd.it/RKFO
2025-06-20,When the Light Breaks,2024,https://boxd.it/LTvw
2025-06-20,The Last Showgirl,2024,https://boxd.it/KWtm
2025-06-20,The Order,2024,https://boxd.it/EVrs
2025-06-20,The Day the Earth Blew Up: A Looney Tunes Movie,2024,https://boxd.it/wPxe
2025-06-20,Black Bag,2025,https://boxd.it/KRbM
2025-06-20,"Bon Voyage, Marie",2025,https://boxd.it/BVXs
2025-06-20,Foodfight!,2012,https://boxd.it/3Ti0
2025-06-20,Elio,2025,https://boxd.it/CFr8
2025-07-12,The Thieving Magpie,2024,https://boxd.it/Izu8
2025-07-12,Heroes of the East,1978,https://boxd.it/10te
2025-07-12,Lost in Starlight,2025,https://boxd.it/I6Yo
2025-07-12,Simon of the Mountain,2024,https://boxd.it/MAAY
2025-07-12,Executioners from Shaolin,1977,https://boxd.it/1B0S
2025-07-12,The Piano Accident,2025,https://boxd.it/O7k2
2025-07-12,The Spiritual Boxer,1975,https://boxd.it/3ypk
2025-07-12,Challenge of the Masters,1976,https://boxd.it/1twQ
2025-07-12,KPop Demon Hunters,2025,https://boxd.it/ufwK
2025-07-12,Little Amélie or the Character of Rain,2025,https://boxd.it/prg0
2025-07-12,Tammy and the T-Rex,1994,https://boxd.it/rwW
2025-07-12,This Is England,2006,https://boxd.it/1T44
2025-07-12,The Flying Dagger,1969,https://boxd.it/4TWc
2025-07-12,Mission: Impossible – The Final Reckoning,2025,https://boxd.it/l7A2
2025-07-12,Little Fugitive,1953,https://boxd.it/ywO
2025-07-12,Stranger Than Paradise,1984,https://boxd.it/2ajU
2025-07-12,A Minecraft Movie,2025,https://boxd.it/zRro
2025-07-13,Dirty Ho,1979,https://boxd.it/uSm
2025-07-14,Superman,2025,https://boxd.it/E9IU
2025-07-17,Legendary Weapons of China,1982,https://boxd.it/1FAg
2025-07-18,Kneecap,2024,https://boxd.it/ILxI
2025-07-18,The 8 Diagram Pole Fighter,1984,https://boxd.it/1h2a
2025-07-19,Digimon Adventure,1999,https://boxd.it/3nmE
2025-07-20,Our War Game,2000,https://boxd.it/2xfm
2025-07-22,Disciples of the 36th Chamber,1985,https://boxd.it/DkI
2025-07-22,Asterix & Obelix: The Big Fight,2025,https://boxd.it/UFHG
2025-07-22,Like a Dragon: Yakuza,2024,https://boxd.it/RQnG
2025-07-22,Appare-Ranman!,2020,https://boxd.it/y71M
2025-07-22,Patlabor: Early Days,1988,https://boxd.it/rpRW
2025-07-22,Hazbin Hotel,2019,https://boxd.it/nCss
2025-07-22,Insomniacs After School,2023,https://boxd.it/Hq2i
2025-07-22,Deca-Dence,2020,https://boxd.it/rEMC
2025-07-22,Kaguya-sama: Love Is War,2019,https://boxd.it/mPxI
2025-07-22,Mobile Suit Gundam Wing,1995,https://boxd.it/u1WY
2025-07-22,Helluva Boss,2019,https://boxd.it/obQu
2025-07-22,takt op.Destiny,2021,https://boxd.it/yFae
2025-07-22,Run with the Wind,2018,https://boxd.it/rG30
2025-07-22,After the Rain,2018,https://boxd.it/iTkU
2025-07-22,Sonny Boy,2021,https://boxd.it/vYTQ
2025-07-22,ONI: Thunder God's Tale,2022,https://boxd.it/Dj5Q
2025-07-22,Kabaneri of the Iron Fortress,2016,https://boxd.it/qsCy
2025-07-22,Skip and Loafer,2023,https://boxd.it/HiH8
2025-07-22,LUPIN ZERO,2022,https://boxd.it/EznS
2025-07-22,Eden of the East,2009,https://boxd.it/rb18
2025-07-22,Mobile Fighter G Gundam,1994,https://boxd.it/vkBW
2025-07-22,BOCCHI THE ROCK!,2022,https://boxd.it/EARY
2025-07-22,Chainsaw Man,2022,https://boxd.it/J6t8
2025-07-22,ACCA: 13-Territory Inspection Dept.,2017,https://boxd.it/sOCk
2025-07-22,Zootopia+,2022,https://boxd.it/DBO0
2025-07-22,SPY x FAMILY CODE: White,2023,https://boxd.it/EdkW
2025-07-22,Cyberpunk: Edgerunners,2022,https://boxd.it/COP4
2025-07-22,Mobile Suit Gundam: Iron-Blooded Orphans,2015,https://boxd.it/On9O
2025-07-22,Komi Can't Communicate,2021,https://boxd.it/EFtC
2025-07-22,Godzilla Singular Point,2021,https://boxd.it/vL2O
2025-07-22,Vampire in the Garden,2022,https://boxd.it/ASos
2025-07-22,Vivy -Fluorite Eye's Song-,2021,https://boxd.it/vOqk
2025-07-22,ODDTAXI,2021,https://boxd.it/vTy4
2025-07-22,JUJUTSU KAISEN,2020,https://boxd.it/sOve
2025-07-22,Skull-face Bookseller Honda-san,2018,https://boxd.it/wt5i
2025-07-22,Loki,2021,https://boxd.it/sbHg
2025-07-22,Smiling Friends,2020,https://boxd.it/pKrc
2025-07-22,Fullmetal Alchemist: Brotherhood,2009,https://boxd.it/ptii
2025-07-22,WandaVision,2021,https://boxd.it/sbGW
2025-07-22,LINK CLICK,2021,https://boxd.it/wqyw
2025-07-22,The Heike Story,2022,https://boxd.it/y6xW
2025-07-22,Mobile Suit Gundam 00 Special Edition II: End of World,2009,https://boxd.it/1qRm
2025-07-22,Mobile Suit Gundam 00 Special Edition I: Celestial Being,2009,https://boxd.it/1vO8
2025-07-22,MARS RED,2021,https://boxd.it/vVQu
2025-07-22,Fena: Pirate Princess,2021,https://boxd.it/xHke
2025-07-22,Kakushigoto,2020,https://boxd.it/qCrg
2025-07-22,Wonder Egg Priority,2021,https://boxd.it/tXfQ
2025-07-22,Star Wars: Visions – The Duel,2021,https://boxd.it/x5aq
2025-07-22,Sarazanmai,2019,https://boxd.it/px3w
2025-07-22,Bunny Drop,2011,https://boxd.it/3kf6
2025-07-22,She and Her Cat: Everything Flows,2016,https://boxd.it/Oi3w
2025-07-22,Great Teacher Onizuka,1999,https://boxd.it/qfq0
2025-07-22,The Vision of Escaflowne,1996,https://boxd.it/qIyM
2025-07-22,Land of the Lustrous,2017,https://boxd.it/qIzg
2025-07-22,Princess Jellyfish,2010,https://boxd.it/rujq
2025-07-22,Samurai Champloo,2004,https://boxd.it/o8go
2025-07-22,Keep Your Hands Off Eizouken!,2020,https://boxd.it/pxs2
2025-07-22,Rilakkuma and Kaoru,2019,https://boxd.it/mwug
2025-07-22,CAROLE & TUESDAY,2019,https://boxd.it/q3FM
2025-07-22,Dorohedoro,2020,https://boxd.it/sfCu
2025-07-22,BNA,2020,https://boxd.it/qCrA
2025-07-22,Ping Pong the Animation,2014,https://boxd.it/oL1s
2025-07-22,NieA_7,2000,https://boxd.it/slGi
2025-07-22,Modern Family,2012,https://boxd.it/pDKc
2025-07-22,Steven Universe,2013,https://boxd.it/Hyvs
2025-07-22,Steins;Gate,2011,https://boxd.it/psNE
2025-07-22,Bakemonogatari,2009,https://boxd.it/tExw
2025-07-22,Nisemonogatari,2012,https://boxd.it/tGxS
2025-07-22,Rail Wars!,2014,https://boxd.it/HDwA
2025-07-22,Beyond the Boundary,2013,https://boxd.it/r84y
2025-07-22,Angel Beats!,2010,https://boxd.it/pDmY
2025-07-22,Serial Experiments Lain,1998,https://boxd.it/hYQE
2025-07-22,Panty & Stocking with Garterbelt,2010,https://boxd.it/pIhu
2025-07-22,Kill la Kill,2013,https://boxd.it/px0M
2025-07-22,Trava: Fist Planet,2002,https://boxd.it/G9q6
2025-07-22,Stranger Things,2010,https://boxd.it/5xMG
2025-07-22,Sweetness & Lightning,2016,https://boxd.it/qIFy
2025-07-22,Hinamatsuri,2018,https://boxd.it/qdDG
2025-07-22,Your Lie in April,2014,https://boxd.it/px2S
2025-07-22,Kakegurui,2017,https://boxd.it/ST9k
2025-07-22,Atlanta,1996,https://boxd.it/87RQ
2025-07-22,The Tatami Galaxy,2010,https://boxd.it/oL50
2025-07-22,ERASED,2016,https://boxd.it/px1A
2025-07-22,Sherlock Hound,1984,https://boxd.it/sfKy
2025-07-22,Kokkoku: Moment by Moment,2018,https://boxd.it/qIFo
2025-07-22,Back Street Girls -GOKUDOLS-,2018,https://boxd.it/tm0a
2025-07-22,DRAGON PILOT: Hisone and Masotan,2018,https://boxd.it/qhqc
2025-07-22,Assassination Classroom,2015,https://boxd.it/bIPo
2025-07-22,Wotakoi: Love Is Hard for Otaku,2018,https://boxd.it/ruke
2025-07-22,Grimgar of Fantasy and Ash,2016,https://boxd.it/rukI
2025-07-22,Violet Evergarden,2018,https://boxd.it/px3Q
2025-07-22,Gangsta.,2015,https://boxd.it/rEOo
2025-07-22,La Petite mort,2017,https://boxd.it/htiw
2025-07-22,Rec,2006,https://boxd.it/ueIU
2025-07-22,Den-noh Coil,2007,https://boxd.it/kOJu
2025-07-22,Seven Seconds,2018,https://boxd.it/jz9u
2025-07-22,Pop Team Epic,2018,https://boxd.it/pMui
2025-07-22,Over the Garden Wall,2014,https://boxd.it/eqFw
2025-07-22,Kiznaiver,2016,https://boxd.it/q3Lg
2025-07-22,Barakamon,2014,https://boxd.it/qvSa
2025-07-22,"WATAMOTE ~No Matter How I Look at It, It's You Guys Fault I'm Not Popular!~",2013,https://boxd.it/mwmQ
2025-07-22,Inferno Cop,2012,https://boxd.it/pMus
2025-07-22,"Love, Chunibyo & Other Delusions! Rikka Version",2013,https://boxd.it/6orQ
2025-07-22,Amagi Brilliant Park,2014,https://boxd.it/qdB6
2025-07-22,The Pet Girl of Sakurasou,2012,https://boxd.it/q0ng
2025-07-22,Space Patrol Luluco,2016,https://boxd.it/pMuC
2025-07-22,Magical Circle Guru Guru,1996,https://boxd.it/ew92
2025-07-22,Devilman Crybaby,2018,https://boxd.it/muwa
2025-07-22,Sayonara Zetsubou Sensei Special,2012,https://boxd.it/vM3y
2025-07-22,Kyousougiga,2013,https://boxd.it/w78E
2025-07-22,BoJack Horseman Christmas Special: Sabrina's Christmas Wish,2014,https://boxd.it/lm6c
2025-07-22,Haven't You Heard? I'm Sakamoto,2016,https://boxd.it/qDFS
2025-07-22,KONOSUBA – God's blessing on this wonderful world! Legend of Crimson,2019,https://boxd.it/jmrU
2025-07-22,Better Call Saul Presents: Slippin' Jimmy,2022,https://boxd.it/CjIQ
2025-07-22,One Crazy Summer: A Look Back at Gravity Falls,2018,https://boxd.it/jk4Y
2025-07-22,Black Lagoon: Roberta's Blood Trail,2010,https://boxd.it/SVN2
2025-07-22,Black Lagoon,2006,https://boxd.it/rb0Y
2025-07-22,Katanagatari,2010,https://boxd.it/pJUC
2025-07-22,SHIMONETA: A Boring World Where the Concept of Dirty Jokes Doesn't Exist,2015,https://boxd.it/q3LU
2025-07-22,Tsukigakirei,2017,https://boxd.it/qfoo
2025-07-22,Twin Peaks,1989,https://boxd.it/g8pk
2025-07-22,Castlevania: Awakening in the Moonlight,2025,https://boxd.it/Wpve
2025-07-22,Little Witch Academia,2017,https://boxd.it/pLCg
2025-07-22,My Hero Academia: Two Heroes,2018,https://boxd.it/igfw
2025-07-22,Game of Thrones: The Last Watch,2019,https://boxd.it/lLBO
2025-07-22,One Punch Man: Road to Hero,2015,https://boxd.it/cQIs
2025-07-22,No Game No Life,2014,https://boxd.it/pKsu
2025-07-22,TRIGUN,1998,https://boxd.it/px2y
2025-07-22,South ParQ Vaccination Special,2021,https://boxd.it/ujwu
2025-07-22,Adventure Time,2007,https://boxd.it/bZZ6
2025-07-22,Clannad: The Motion Picture,2007,https://boxd.it/1K16
2025-07-22,Nichijou: My Ordinary Life,2011,https://boxd.it/px4u
2025-07-22,FLCL,2000,https://boxd.it/bWtG
2025-07-22,Baccano!,2007,https://boxd.it/pnSu
2025-07-22,From the New World,2012,https://boxd.it/oKp4
2025-07-22,Cowboy Bebop: The Movie,2001,https://boxd.it/1Uc4
2025-07-22,Master Of Wine,2016,https://boxd.it/isvc
2025-07-22,True Crime,1995,https://boxd.it/18Xm
2025-07-24,Irma Vep,1996,https://boxd.it/1vYs
2025-07-24,Diamond Island,2016,https://boxd.it/dS4G
2025-07-24,Clan of the White Lotus,1980,https://boxd.it/Zw2
2025-07-31,Five Element Ninjas,1982,https://boxd.it/ZvS
2025-08-01,Dìdi (弟弟),2024,https://boxd.it/HQOW
2025-08-01,Predator: Killer of Killers,2025,https://boxd.it/QYvQ
2025-08-04,The Bad Guys 2,2025,https://boxd.it/IAI6
2025-08-11,Yi Yi,2000,https://boxd.it/1vCw
2025-08-17,River,2023,https://boxd.it/H1sK
2025-08-18,Thunderbolts*,2025,https://boxd.it/BfbQ
2025-08-20,Living Large,2024,https://boxd.it/zJPs
2025-08-20,Down by Law,1986,https://boxd.it/28CA
2025-08-21,Teddy,2020,https://boxd.it/qEtS
2025-08-21,Les Bodin’s partent en vrille,2025,https://boxd.it/KXkq
2025-08-22,Fixed,2025,https://boxd.it/jBc6
2025-08-22,"The Tree, the Mayor and the Mediatheque",1993,https://boxd.it/4lEI
2025-08-24,Mononoke the Movie: Chapter II - The Ashes of Rage,2025,https://boxd.it/OsCQ
2025-08-25,The Rider,2017,https://boxd.it/gazw
2025-08-26,Mystery Train,1989,https://boxd.it/1Ub6
2025-08-27,Nenette and Boni,1996,https://boxd.it/3oOu
2025-08-28,Late Shift,2025,https://boxd.it/QgzO
2025-08-28,Escape from the 21st Century,2024,https://boxd.it/LcC0
2025-08-29,Night on Earth,1991,https://boxd.it/2ayq
2025-08-30,A Useful Ghost,2025,https://boxd.it/Qy4O
2025-08-30,No One Will Know,2025,https://boxd.it/JKX8
2025-08-31,Caught Stealing,2025,https://boxd.it/LnyS
2025-08-31,War of the Worlds,2025,https://boxd.it/so0a
2025-09-01,Coffee and Cigarettes,2003,https://boxd.it/29nc
2025-09-01,Ghost Dog: The Way of the Samurai,1999,https://boxd.it/23Ne
2025-09-01,Batman Ninja vs. Yakuza League,2025,https://boxd.it/Nvwu
2025-09-03,Dead Man,1995,https://boxd.it/29h4
2025-09-05,Universal Language,2024,https://boxd.it/BlwA
2025-09-07,Cloud,2024,https://boxd.it/LhR0
2025-09-08,Permanent Vacation,1980,https://boxd.it/171c
2025-09-09,Nobody 2,2025,https://boxd.it/C5Lc
2025-09-09,Eddington,2025,https://boxd.it/o6MC
2025-09-09,Broken Flowers,2005,https://boxd.it/2aCW
2025-09-10,Atoman,2025,https://boxd.it/wM2i
2025-09-11,Julie Keeps Quiet,2024,https://boxd.it/J2vO
2025-09-12,Sirāt,2025,https://boxd.it/HxJo
2025-09-13,Splitsville,2025,https://boxd.it/PGtA
2025-09-14,The Limits of Control,2009,https://boxd.it/20po
2025-09-16,Gimme Danger,2016,https://boxd.it/dJqS
2025-09-16,McWalter,2025,https://boxd.it/NDz2
2025-09-16,Paterson,2016,https://boxd.it/cRk2
2025-09-18,Adam's Sake,2025,https://boxd.it/NnaK
2025-09-19,Nino,2025,https://boxd.it/O7uw
2025-09-20,Left-Handed Girl,2025,https://boxd.it/BLDW
2025-09-21,Faster,2025,https://boxd.it/M53E
2025-09-22,Across the Sea,2024,https://boxd.it/GlFC
2025-09-22,Robot T-O,2024,https://boxd.it/HGt0
2025-09-24,Little Jaffna,2024,https://boxd.it/JhPO
2025-09-25,One Battle After Another,2025,https://boxd.it/DUHM
2025-09-25,Love Is Overrated,2025,https://boxd.it/Ewga
2025-09-28,Destiny's Son,1962,https://boxd.it/2tDY
2025-09-28,The Party's Over!,2025,https://boxd.it/O7qY
2025-09-29,Dracula,1958,https://boxd.it/1STA
2025-09-29,Black Christmas,1974,https://boxd.it/1Js6
2025-10-01,The Thing,1982,https://boxd.it/294O
2025-10-03,Prince of Darkness,1987,https://boxd.it/1ZKq
2025-10-03,Dead of Night,1974,https://boxd.it/14HE
2025-10-04,Sword Devil,1965,https://boxd.it/3lUu
2025-10-04,Treasure Buddies,2012,https://boxd.it/2HNo
2025-10-04,Assault on Precinct 13,1976,https://boxd.it/1I2c
2025-10-06,In the Mouth of Madness,1994,https://boxd.it/26vi
2025-10-06,Senritsu Kaiki File Kowasugi! File 01: Operation Capture the Slit-Mouthed Woman,2012,https://boxd.it/fH6K
2025-10-07,Spermageddon,2024,https://boxd.it/EgPe
2025-10-08,A Nightmare on Elm Street,1984,https://boxd.it/2aw0
2025-10-08,Ken,1964,https://boxd.it/2ITC
2025-10-09,A Nightmare on Elm Street Part 2: Freddy's Revenge,1985,https://boxd.it/1XiE
2025-10-09,A Nightmare on Elm Street 3: Dream Warriors,1987,https://boxd.it/1X9W
2025-10-11,A Nightmare on Elm Street 4: The Dream Master,1988,https://boxd.it/1X0U
2025-10-12,A Nightmare on Elm Street: The Dream Child,1989,https://boxd.it/1WWe
2025-10-13,It Was Just an Accident,2025,https://boxd.it/TX2k
2025-10-13,Freddy's Dead: The Final Nightmare,1991,https://boxd.it/1Uea
2025-10-14,Wes Craven's New Nightmare,1994,https://boxd.it/1TsU
2025-10-15,Dark Star,1974,https://boxd.it/28Ow
2025-10-15,Scream,1996,https://boxd.it/24EC
2025-10-16,Dog 51,2025,https://boxd.it/MhAA
2025-10-16,Dangerous Animals,2025,https://boxd.it/N3Qc
2025-10-17,Scream 2,1997,https://boxd.it/24Es
2025-10-17,A Magnificent Life,2025,https://boxd.it/vHWo
2025-10-18,Scream 3,2000,https://boxd.it/24Ei
2025-10-18,An American Werewolf in London,1981,https://boxd.it/29yk
2025-10-18,Scream 4,2011,https://boxd.it/Zmc
2025-10-20,Arco,2025,https://boxd.it/uh7C
2025-10-20,Hellraiser,1987,https://boxd.it/1Zpi
2025-10-22,Candyman,1992,https://boxd.it/1Ys6
2025-10-24,Freddy vs. Jason,2003,https://boxd.it/21FC
2025-10-25,The Little Sister,2025,https://boxd.it/AicU
2025-10-25,Chainsaw Man – The Movie: Reze Arc,2025,https://boxd.it/Kgyu
2025-10-26,A House of Dynamite,2025,https://boxd.it/NcXc
2025-10-27,Videodrome,1983,https://boxd.it/29uC
2025-10-28,The Fly,1986,https://boxd.it/1YIe
2025-10-28,eXistenZ,1999,https://boxd.it/27Ni
2025-10-30,The Smashing Machine,2025,https://boxd.it/syUC
2025-11-02,The Predator,2018,https://boxd.it/bDw2
2025-11-03,Yoroï,2025,https://boxd.it/Qlcg
2025-11-04,The House with Laughing Windows,1976,https://boxd.it/mG8
2025-11-04,Æon Flux,2005,https://boxd.it/20vc
2025-11-06,The Great Arch,2025,https://boxd.it/NeLW
2025-11-06,Ring,1998,https://boxd.it/26tw
2025-11-07,Predator: Badlands,2025,https://boxd.it/LeK6
2025-11-08,Ju-on: The Grudge,2002,https://boxd.it/1SY6
2025-11-10,Frankenstein,2025,https://boxd.it/Ecsg
2025-11-11,The Texas Chainsaw Massacre 2,1986,https://boxd.it/1Kk8
2025-11-11,Dark Water,2002,https://boxd.it/1Sik
2025-11-12,Frankenstein,1931,https://boxd.it/25Te
2025-11-12,Bride of Frankenstein,1935,https://boxd.it/2aPc
2025-11-13,House of 1000 Corpses,2003,https://boxd.it/26uE
2025-11-14,The Devil's Rejects,2005,https://boxd.it/28hC
2025-11-16,28 Days Later,2002,https://boxd.it/2aXU
2025-11-20,Case 137,2025,https://boxd.it/NoSo
2025-11-22,28 Weeks Later,2007,https://boxd.it/28Bi
2025-11-23,Love Letters,2025,https://boxd.it/GlC4
2025-11-24,28 Years Later,2025,https://boxd.it/FEGM
2025-11-26,Letter from an Unknown Woman,1948,https://boxd.it/2wRO
2025-11-27,"East Palace, West Palace",1996,https://boxd.it/Sfo
2025-11-30,Angel's Egg,1985,https://boxd.it/1LeA
2025-12-01,Zootopia 2,2025,https://boxd.it/F0vO
2025-12-02,Reflection in a Dead Diamond,2025,https://boxd.it/CjmU
2025-12-03,All Shall Be Well,2024,https://boxd.it/HNNQ
2025-12-04,Gerald the Conqueror,2025,https://boxd.it/Ixiu
2025-12-05,The Ice Tower,2025,https://boxd.it/HejQ
2025-12-06,Sentimental Value,2025,https://boxd.it/GwcG
2025-12-08,Eephus,2024,https://boxd.it/KzLW
2025-12-09,The Shadow's Edge,2025,https://boxd.it/SxME
2025-12-09,Dracula,2025,https://boxd.it/Lng0
2025-12-12,After the Hunt,2025,https://boxd.it/Mdra
2025-12-14,My Favourite Cake,2024,https://boxd.it/KU6K
2025-12-15,Metropolis,2001,https://boxd.it/1YfQ
2025-12-16,Wake Up Dead Man,2025,https://boxd.it/uAKS
2025-12-17,I Love Peru,2025,https://boxd.it/UP3Q
2025-12-18,Avatar: Fire and Ash,2025,https://boxd.it/2W7s
2025-12-19,The Secret Agent,2025,https://boxd.it/KkUE
2025-12-19,Heads or Fails,2024,https://boxd.it/KRC4
2025-12-20,The Naked Gun,2025,https://boxd.it/Da9k
2025-12-21,The Love That Remains,2025,https://boxd.it/LWuG
2025-12-23,Hearts on Fire,2025,https://boxd.it/NJy0
2025-12-25,Green Vinyl,2004,https://boxd.it/5jlw
2025-12-25,Eletrodoméstica,2005,https://boxd.it/6YzG
2025-12-25,Resurrection,2025,https://boxd.it/x9DG
2025-12-26,In the Nguyen Kitchen,2024,https://boxd.it/BQAy
2025-12-28,Cold Tropics,2009,https://boxd.it/5wXS
2025-12-28,Sisu: Road to Revenge,2025,https://boxd.it/Ksny
2025-12-28,That Summer in Paris,2025,https://boxd.it/NoPY
2025-12-29,The Life of Chuck,2024,https://boxd.it/vMTu
2025-12-30,I Only Rest in the Storm,2025,https://boxd.it/FJZa
2025-12-31,Happyend,2024,https://boxd.it/rnUa
2026-01-01,100 METERS,2025,https://boxd.it/NpbA
2026-01-06,Alpha,2025,https://boxd.it/N008
2026-01-08,Father Mother Sister Brother,2025,https://boxd.it/HRoU
2026-01-08,Summer Beats,2025,https://boxd.it/NeQW
2026-01-09,Warcraft,2016,https://boxd.it/2czK
2026-01-10,Dracula,2025,https://boxd.it/Ow9I
2026-01-15,Kaili Blues,2015,https://boxd.it/cksW
2026-01-16,28 Years Later: The Bone Temple,2026,https://boxd.it/MwlA
2026-01-17,Shallow Grave,1994,https://boxd.it/1XyW
2026-01-22,A Life Less Ordinary,1997,https://boxd.it/20Bu
2026-01-23,Time Still Turns the Pages,2023,https://boxd.it/Aap2
2026-01-24,The Rip,2026,https://boxd.it/NP5y
2026-01-25,The Beach,2000,https://boxd.it/27T6
2026-01-26,Millions,2004,https://boxd.it/1QjK
2026-01-27,Peak Everything,2025,https://boxd.it/MYWY
2026-01-29,Sunshine,2007,https://boxd.it/28Xy
2026-01-30,Baise-en-ville,2025,https://boxd.it/KWq8
2026-02-02,127 Hours,2010,https://boxd.it/SLa
2026-02-03,Dreams,2025,https://boxd.it/GTZw
2026-02-03,Rental Family,2025,https://boxd.it/JQOw
2026-02-07,The Mastermind,2025,https://boxd.it/Q7ge
2026-02-08,At Work,2025,https://boxd.it/SWLc
2026-02-12,Shrek,2001,https://boxd.it/29zi
2026-02-13,Trance,2013,https://boxd.it/2cAS
2026-02-13,Shrek 2,2004,https://boxd.it/29z8
2026-02-16,Shrek the Third,2007,https://boxd.it/29yY
2026-02-18,Shrek Forever After,2010,https://boxd.it/1WRo
2026-02-19,The Ties That Bind Us,2024,https://boxd.it/Fuoo
2026-02-21,Steve Jobs,2015,https://boxd.it/araG
2026-02-23,Marty Supreme,2025,https://boxd.it/Off0
2026-02-24,Nouvelle Vague,2025,https://boxd.it/LLLQ
2026-03-03,T2 Trainspotting,2017,https://boxd.it/5vTA
2026-03-03,Yesterday,2019,https://boxd.it/iF7M
2026-03-03,The Adventures of Rocky & Bullwinkle,2000,https://boxd.it/1IaK
2026-03-05,Alter Ego,2026,https://boxd.it/Mhz8
2026-03-06,Hoppers,2026,https://boxd.it/OFpg
2026-03-12,Scarlet,2025,https://boxd.it/S6iW
2026-03-13,Pillion,2025,https://boxd.it/N6Pw
2026-03-18,No Other Choice,2025,https://boxd.it/nKiA
2026-03-18,Dandelion's Odyssey,2025,https://boxd.it/BLKI
2026-03-21,Lupin the Third: Jigen's Gravestone,2014,https://boxd.it/7IPA
2026-03-21,Lupin the 3rd: Goemon's Blood Spray,2017,https://boxd.it/giRI
2026-03-23,The Mysterious Gaze of the Flamingo,2025,https://boxd.it/xR4q
2026-03-23,How to Train Your Dragon: The Hidden World,2019,https://boxd.it/5a9w
2026-03-25,Project Hail Mary,2026,https://boxd.it/pEeQ
2026-03-26,The Flower and the Angry Waves,1964,https://boxd.it/3Wqm
2026-03-28,Branded to Kill,1967,https://boxd.it/1HSQ
2026-03-30,Gate of Flesh,1964,https://boxd.it/35fK
2026-03-31,Tattooed Life,1965,https://boxd.it/38ca
2026-04-01,Carmen from Kawachi,1966,https://boxd.it/6dvW
2026-04-02,Fighting Elegy,1966,https://boxd.it/WbU
2026-04-03,Lupin the IIIrd: Fujiko's Lie,2019,https://boxd.it/lDOq
2026-04-03,LUPIN THE IIIRD: Zenigata and the Two Lupins,2025,https://boxd.it/UGss
2026-04-05,Story of a Prostitute,1965,https://boxd.it/13vM
2026-04-07,My Father's Shadow,2025,https://boxd.it/T1a6
2026-04-07,LUPIN THE IIIRD: The Movie - The Immortal Bloodline,2025,https://boxd.it/REPI
2026-04-07,GOAT,2026,https://boxd.it/NvB0
2026-04-12,Neo Tokyo,1987,https://boxd.it/18ls
2026-04-13,The Drama,2026,https://boxd.it/OA2w
2026-04-13,Kung Fu Panda 4,2024,https://boxd.it/CepE
2026-04-14,Castle to Castle,2018,https://boxd.it/jKQk
2026-04-14,The Summer Movie,2017,https://boxd.it/fMzW
2026-04-14,Zero Fucks Given,2021,https://boxd.it/vqk8
2026-04-16,"When Morning Comes, I Feel Empty",2022,https://boxd.it/EA72
2026-04-16,The Covenant,2006,https://boxd.it/1Xrw
2026-04-17,Stockholm,2013,https://boxd.it/5DeA
2026-04-17,Days on the Street,2005,https://boxd.it/j9xU
2026-04-19,Ava,2017,https://boxd.it/gaPa
2026-04-19,Final Fantasy VII: Last Order,2005,https://boxd.it/1QvG
2026-04-21,Corsage,2022,https://boxd.it/xxTS
2026-04-22,Holy Camp!,2017,https://boxd.it/f5Vg
2026-04-22,Ida,2013,https://boxd.it/6fRg
2026-04-25,Longing,2006,https://boxd.it/2awu
2026-04-26,Gamera: Guardian of the Universe,1995,https://boxd.it/uiy
2026-04-28,Anaïs in Love,2021,https://boxd.it/tnQw
2026-04-28,In Safe Hands,2018,https://boxd.it/hCR6
2026-05-01,A Separation,2011,https://boxd.it/gvo
2026-05-02,The Past,2013,https://boxd.it/4Ovg
2026-05-04,The Yellow Sea,2010,https://boxd.it/2j6q
2026-05-08,"4 Months, 3 Weeks and 2 Days",2007,https://boxd.it/27DW
2026-05-09,Graduation,2016,https://boxd.it/d0vI
2026-05-10,Elena,2011,https://boxd.it/2I9u
2026-05-11,Final Fantasy VII: Advent Children,2005,https://boxd.it/29UK
2026-05-14,Junk World,2025,https://boxd.it/ImzO
2026-05-18,The Beloved,2026,https://boxd.it/ED8C
2026-05-22,ChaO,2025,https://boxd.it/SwAs
2026-05-23,Fatherland,2026,https://boxd.it/TbK4
2026-05-24,A Man of His Time,2026,https://boxd.it/OkGA
2026-05-25,All of a Sudden,2026,https://boxd.it/UMOO
2026-05-31,WHO,2026,https://boxd.it/12P8i
2026-06-02,TRENTE,2026,https://boxd.it/133Wm
2026-06-03,The Boss Baby,2017,https://boxd.it/9mfO
2026-06-05,Bouchra,2025,https://boxd.it/WrTs
2026-06-07,The Amazing Digital Circus: The Last Act,2026,https://boxd.it/12cku
2026-06-10,Hard Corner: Le Film,2014,https://boxd.it/ZeRO
2026-06-11,Disclosure Day,2026,https://boxd.it/MDJY
2026-06-11,They Will Kill You,2026,https://boxd.it/Nk5i
2026-06-12,Vertiginous,2026,https://boxd.it/12eRK
2026-06-16,The Christophers,2025,https://boxd.it/RRrO
2026-06-17,A Samurai in Time,2023,https://boxd.it/N7ZC
2026-06-17,Toy Story 5,2026,https://boxd.it/F06E
2026-06-18,I Am Frankelda,2025,https://boxd.it/GkEo
2026-06-19,All You Need Is Kill,2025,https://boxd.it/T14W
2026-06-20,Shana,2026,https://boxd.it/V4kM
2026-06-20,Battleship Potemkin,1925,https://boxd.it/29Vo
2026-06-20,Jim Queen and the Quest for Chloroqueer,2026,https://boxd.it/EaA8
2026-07-03,In Waves,2026,https://boxd.it/zJOa
2026-07-04,Grave of the Fireflies,1988,https://boxd.it/1RUM
2026-07-05,Kwaidan,1964,https://boxd.it/1kbY
2026-07-06,"His Motorbike, Her Island",1986,https://boxd.it/9uk8
2026-07-09,La chaleur,2026,https://boxd.it/VrnY
2026-07-09,Something Evil,1972,https://boxd.it/31CK
2026-07-10,The Sugarland Express,1974,https://boxd.it/23la
2026-07-14,On the Silver Globe,1988,https://boxd.it/1sAM
2026-07-14,Possession,1981,https://boxd.it/1BPm
2026-07-16,The Odyssey,2026,https://boxd.it/QFQU
2026-07-17,JoJo's Bizarre Adventure: Phantom Blood,2007,https://boxd.it/dw0M
2026-07-18,Close Encounters of the Third Kind,1977,https://boxd.it/29u8
2026-07-21,1941,1979,https://boxd.it/1TF0
2026-07-25,Comédie-Française,2026,https://boxd.it/VC6O
2026-07-25,L'Infiltrée,2026,https://boxd.it/SAi8
2026-07-28,Poltergeist,1982,https://boxd.it/2a0o
2026-07-30,I Want Your Sex,2026,https://boxd.it/N8by
2026-07-30,Marvelous Mornings,2026,https://boxd.it/BNVy
2026-08-01,The Dirties,2013,https://boxd.it/4ZGa
2026-08-04,The Color Purple,1985,https://boxd.it/29oO
2026-08-05,Not Very Normal Activities,2013,https://boxd.it/55D2
2026-08-07,Empire of the Sun,1987,https://boxd.it/1X4i
2026-08-10,The Exchange Student,2016,https://boxd.it/ekEM
2026-08-11,Girl,2025,https://boxd.it/QjY8
2026-08-12,RRR,2022,https://boxd.it/ljDs
2026-08-14,Always,1989,https://boxd.it/1U3G
